r,Pot
5.90382e+01,6.41810e+15
5.92389e+01,6.38245e+15
5.94395e+01,6.34762e+15
5.96401e+01,6.31358e+15
5.98407e+01,6.28031e+15
6.00413e+01,6.24777e+15
6.02419e+01,6.21595e+15
6.04425e+01,6.18481e+15
6.06432e+01,6.15434e+15
6.08438e+01,6.12451e+15
6.10444e+01,6.09531e+15
6.12450e+01,6.06670e+15
6.14456e+01,6.03867e+15
6.16462e+01,6.01121e+15
6.18468e+01,5.98430e+15
6.20475e+01,5.95791e+15
6.22481e+01,5.93204e+15
6.24487e+01,5.90666e+15
6.26493e+01,5.88177e+15
6.28499e+01,5.85734e+15
6.30505e+01,5.83337e+15
6.32511e+01,5.80984e+15
6.34518e+01,5.78674e+15
6.36524e+01,5.76406e+15
6.38530e+01,5.74177e+15
6.40536e+01,5.71989e+15
6.42542e+01,5.69838e+15
6.44548e+01,5.67725e+15
6.46554e+01,5.65648e+15
6.48561e+01,5.63607e+15
6.50567e+01,5.61599e+15
6.52573e+01,5.59625e+15
6.54579e+01,5.57684e+15
6.56585e+01,5.55774e+15
6.58591e+01,5.53896e+15
6.60597e+01,5.52047e+15
6.62604e+01,5.50228e+15
6.64610e+01,5.48438e+15
6.66616e+01,5.46675e+15
6.68622e+01,5.44940e+15
6.70628e+01,5.43232e+15
6.72634e+01,5.41549e+15
6.74640e+01,5.39892e+15
6.76647e+01,5.38260e+15
6.78653e+01,5.36652e+15
6.80659e+01,5.35068e+15
6.82665e+01,5.33506e+15
6.84671e+01,5.31968e+15
6.86677e+01,5.30451e+15
6.88684e+01,5.28957e+15
6.90690e+01,5.27483e+15
6.92696e+01,5.26030e+15
6.94702e+01,5.24597e+15
6.96708e+01,5.23184e+15
6.98714e+01,5.21790e+15
7.00720e+01,5.20416e+15
7.02727e+01,5.19060e+15
7.04733e+01,5.17722e+15
7.06739e+01,5.16402e+15
7.08745e+01,5.15099e+15
7.10751e+01,5.13813e+15
7.12757e+01,5.12544e+15
7.14763e+01,5.11292e+15
7.16770e+01,5.10055e+15
7.18776e+01,5.08835e+15
7.20782e+01,5.07630e+15
7.22788e+01,5.06440e+15
7.24794e+01,5.05264e+15
7.26800e+01,5.04104e+15
7.28806e+01,5.02957e+15
7.30813e+01,5.01825e+15
7.32819e+01,5.00706e+15
7.34825e+01,4.99601e+15
7.36831e+01,4.98509e+15
7.38837e+01,4.97430e+15
7.40843e+01,4.96364e+15
7.42849e+01,4.95311e+15
7.44856e+01,4.94269e+15
7.46862e+01,4.93240e+15
7.48868e+01,4.92223e+15
7.50874e+01,4.91217e+15
7.52880e+01,4.90223e+15
7.54886e+01,4.89240e+15
7.56892e+01,4.88268e+15
7.58899e+01,4.87307e+15
7.60905e+01,4.86356e+15
7.62911e+01,4.85417e+15
7.64917e+01,4.84487e+15
7.66923e+01,4.83568e+15
7.68929e+01,4.82658e+15
7.70935e+01,4.81758e+15
7.72942e+01,4.80868e+15
7.74948e+01,4.79988e+15
7.76954e+01,4.79117e+15
7.78960e+01,4.78255e+15
7.80966e+01,4.77402e+15
7.82972e+01,4.76557e+15
7.84978e+01,4.75722e+15
7.86985e+01,4.74895e+15
7.88991e+01,4.74077e+15
7.90997e+01,4.73267e+15
7.93003e+01,4.72465e+15
7.95009e+01,4.71671e+15
7.97015e+01,4.70886e+15
7.99021e+01,4.70108e+15
8.01028e+01,4.69338e+15
8.03034e+01,4.68575e+15
8.05040e+01,4.67820e+15
8.07046e+01,4.67072e+15
8.09052e+01,4.66331e+15
8.11058e+01,4.65598e+15
8.13064e+01,4.64872e+15
8.15071e+01,4.64152e+15
8.17077e+01,4.63440e+15
8.19083e+01,4.62734e+15
8.21089e+01,4.62035e+15
8.23095e+01,4.61342e+15
8.25101e+01,4.60656e+15
8.27108e+01,4.59976e+15
8.29114e+01,4.59303e+15
8.31120e+01,4.58635e+15
8.33126e+01,4.57974e+15
8.35132e+01,4.57319e+15
8.37138e+01,4.56669e+15
8.39144e+01,4.56026e+15
8.41151e+01,4.55388e+15
8.43157e+01,4.54756e+15
8.45163e+01,4.54130e+15
8.47169e+01,4.53509e+15
8.49175e+01,4.52893e+15
8.51181e+01,4.52283e+15
8.53187e+01,4.51678e+15
8.55194e+01,4.51079e+15
8.57200e+01,4.50484e+15
8.59206e+01,4.49895e+15
8.61212e+01,4.49311e+15
8.63218e+01,4.48732e+15
8.65224e+01,4.48157e+15
8.67230e+01,4.47588e+15
8.69237e+01,4.47023e+15
8.71243e+01,4.46463e+15
8.73249e+01,4.45908e+15
8.75255e+01,4.45357e+15
8.77261e+01,4.44811e+15
8.79267e+01,4.44269e+15
8.81273e+01,4.43732e+15
8.83280e+01,4.43199e+15
8.85286e+01,4.42670e+15
8.87292e+01,4.42146e+15
8.89298e+01,4.41626e+15
8.91304e+01,4.41110e+15
8.93310e+01,4.40598e+15
8.95316e+01,4.40090e+15
8.97323e+01,4.39586e+15
8.99329e+01,4.39086e+15
9.01335e+01,4.38590e+15
9.03341e+01,4.38098e+15
9.05347e+01,4.37610e+15
9.07353e+01,4.37126e+15
9.09359e+01,4.36645e+15
9.11366e+01,4.36168e+15
9.13372e+01,4.35694e+15
9.15378e+01,4.35225e+15
9.17384e+01,4.34758e+15
9.19390e+01,4.34296e+15
9.21396e+01,4.33836e+15
9.23402e+01,4.33381e+15
9.25409e+01,4.32928e+15
9.27415e+01,4.32479e+15
9.29421e+01,4.32034e+15
9.31427e+01,4.31591e+15
9.33433e+01,4.31152e+15
9.35439e+01,4.30716e+15
9.37445e+01,4.30283e+15
9.39452e+01,4.29854e+15
9.41458e+01,4.29427e+15
9.43464e+01,4.29004e+15
9.45470e+01,4.28583e+15
9.47476e+01,4.28166e+15
9.49482e+01,4.27751e+15
9.51488e+01,4.27340e+15
9.53495e+01,4.26931e+15
9.55501e+01,4.26525e+15
9.57507e+01,4.26123e+15
9.59513e+01,4.25722e+15
9.61519e+01,4.25325e+15
9.63525e+01,4.24931e+15
9.65532e+01,4.24539e+15
9.67538e+01,4.24150e+15
9.69544e+01,4.23763e+15
9.71550e+01,4.23380e+15
9.73556e+01,4.22999e+15
9.75562e+01,4.22620e+15
9.77568e+01,4.22244e+15
9.79575e+01,4.21870e+15
9.81581e+01,4.21500e+15
9.83587e+01,4.21131e+15
9.85593e+01,4.20765e+15
9.87599e+01,4.20401e+15
9.89605e+01,4.20040e+15
9.91611e+01,4.19681e+15
9.93618e+01,4.19325e+15
9.95624e+01,4.18971e+15
9.97630e+01,4.18619e+15
9.99636e+01,4.18270e+15
1.00164e+02,4.17922e+15
1.00365e+02,4.17578e+15
1.00565e+02,4.17235e+15
1.00766e+02,4.16894e+15
1.00967e+02,4.16556e+15
1.01167e+02,4.16220e+15
1.01368e+02,4.15886e+15
1.01569e+02,4.15554e+15
1.01769e+02,4.15224e+15
1.01970e+02,4.14896e+15
1.02170e+02,4.14570e+15
1.02371e+02,4.14247e+15
1.02572e+02,4.13925e+15
1.02772e+02,4.13605e+15
1.02973e+02,4.13288e+15
1.03173e+02,4.12972e+15
1.03374e+02,4.12658e+15
1.03575e+02,4.12346e+15
1.03775e+02,4.12036e+15
1.03976e+02,4.11728e+15
1.04177e+02,4.11422e+15
1.04377e+02,4.11118e+15
1.04578e+02,4.10815e+15
1.04778e+02,4.10515e+15
1.04979e+02,4.10216e+15
1.05180e+02,4.09919e+15
1.05380e+02,4.09623e+15
1.05581e+02,4.09330e+15
1.05781e+02,4.09038e+15
1.05982e+02,4.08748e+15
1.06183e+02,4.08460e+15
1.06383e+02,4.08173e+15
1.06584e+02,4.07888e+15
1.06784e+02,4.07605e+15
1.06985e+02,4.07323e+15
1.07186e+02,4.07043e+15
1.07386e+02,4.06764e+15
1.07587e+02,4.06488e+15
1.07788e+02,4.06212e+15
1.07988e+02,4.05939e+15
1.08189e+02,4.05667e+15
1.08389e+02,4.05396e+15
1.08590e+02,4.05127e+15
1.08791e+02,4.04860e+15
1.08991e+02,4.04594e+15
1.09192e+02,4.04329e+15
1.09392e+02,4.04066e+15
1.09593e+02,4.03805e+15
1.09794e+02,4.03544e+15
1.09994e+02,4.03286e+15
1.10195e+02,4.03029e+15
1.10396e+02,4.02773e+15
1.10596e+02,4.02519e+15
1.10797e+02,4.02266e+15
1.10997e+02,4.02014e+15
1.11198e+02,4.01764e+15
1.11399e+02,4.01515e+15
1.11599e+02,4.01268e+15
1.11800e+02,4.01022e+15
1.12000e+02,4.00777e+15
1.12201e+02,4.00533e+15
1.12402e+02,4.00291e+15
1.12602e+02,4.00050e+15
1.12803e+02,3.99811e+15
1.13004e+02,3.99572e+15
1.13204e+02,3.99335e+15
1.13405e+02,3.99100e+15
1.13605e+02,3.98865e+15
1.13806e+02,3.98632e+15
1.14007e+02,3.98400e+15
1.14207e+02,3.98169e+15
1.14408e+02,3.97939e+15
1.14608e+02,3.97711e+15
1.14809e+02,3.97484e+15
1.15010e+02,3.97258e+15
1.15210e+02,3.97033e+15
1.15411e+02,3.96809e+15
1.15612e+02,3.96586e+15
1.15812e+02,3.96365e+15
1.16013e+02,3.96145e+15
1.16213e+02,3.95925e+15
1.16414e+02,3.95707e+15
1.16615e+02,3.95490e+15
1.16815e+02,3.95275e+15
1.17016e+02,3.95060e+15
1.17216e+02,3.94846e+15
1.17417e+02,3.94634e+15
1.17618e+02,3.94422e+15
1.17818e+02,3.94212e+15
1.18019e+02,3.94002e+15
1.18220e+02,3.93794e+15
1.18420e+02,3.93586e+15
1.18621e+02,3.93380e+15
1.18821e+02,3.93175e+15
1.19022e+02,3.92971e+15
1.19223e+02,3.92767e+15
1.19423e+02,3.92565e+15
1.19624e+02,3.92364e+15
1.19824e+02,3.92163e+15
1.20025e+02,3.91964e+15
1.20226e+02,3.91766e+15
1.20426e+02,3.91568e+15
1.20627e+02,3.91372e+15
1.20828e+02,3.91176e+15
1.21028e+02,3.90982e+15
1.21229e+02,3.90788e+15
1.21429e+02,3.90595e+15
1.21630e+02,3.90403e+15
1.21831e+02,3.90213e+15
1.22031e+02,3.90023e+15
1.22232e+02,3.89834e+15
1.22432e+02,3.89645e+15
1.22633e+02,3.89458e+15
1.22834e+02,3.89272e+15
1.23034e+02,3.89086e+15
1.23235e+02,3.88901e+15
1.23435e+02,3.88718e+15
1.23636e+02,3.88535e+15
1.23837e+02,3.88352e+15
1.24037e+02,3.88171e+15
1.24238e+02,3.87991e+15
1.24439e+02,3.87811e+15
1.24639e+02,3.87632e+15
1.24840e+02,3.87454e+15
1.25040e+02,3.87277e+15
1.25241e+02,3.87101e+15
1.25442e+02,3.86925e+15
1.25642e+02,3.86751e+15
1.25843e+02,3.86577e+15
1.26043e+02,3.86404e+15
1.26244e+02,3.86231e+15
1.26445e+02,3.86060e+15
1.26645e+02,3.85889e+15
1.26846e+02,3.85719e+15
1.27047e+02,3.85549e+15
1.27247e+02,3.85381e+15
1.27448e+02,3.85213e+15
1.27648e+02,3.85046e+15
1.27849e+02,3.84880e+15
1.28050e+02,3.84714e+15
1.28250e+02,3.84549e+15
1.28451e+02,3.84385e+15
1.28651e+02,3.84222e+15
1.28852e+02,3.84059e+15
1.29053e+02,3.83897e+15
1.29253e+02,3.83736e+15
1.29454e+02,3.83575e+15
1.29655e+02,3.83416e+15
1.29855e+02,3.83256e+15
1.30056e+02,3.83098e+15
1.30256e+02,3.82940e+15
1.30457e+02,3.82783e+15
1.30658e+02,3.82627e+15
1.30858e+02,3.82471e+15
1.31059e+02,3.82316e+15
1.31259e+02,3.82161e+15
1.31460e+02,3.82007e+15
1.31661e+02,3.81854e+15
1.31861e+02,3.81702e+15
1.32062e+02,3.81550e+15
1.32263e+02,3.81399e+15
1.32463e+02,3.81248e+15
1.32664e+02,3.81098e+15
1.32864e+02,3.80949e+15
1.33065e+02,3.80800e+15
1.33266e+02,3.80652e+15
1.33466e+02,3.80505e+15
1.33667e+02,3.80358e+15
1.33867e+02,3.80212e+15
1.34068e+02,3.80066e+15
1.34269e+02,3.79921e+15
1.34469e+02,3.79777e+15
1.34670e+02,3.79633e+15
1.34871e+02,3.79490e+15
1.35071e+02,3.79347e+15
1.35272e+02,3.79205e+15
1.35472e+02,3.79064e+15
1.35673e+02,3.78923e+15
1.35874e+02,3.78782e+15
1.36074e+02,3.78643e+15
1.36275e+02,3.78503e+15
1.36475e+02,3.78365e+15
1.36676e+02,3.78227e+15
1.36877e+02,3.78089e+15
1.37077e+02,3.77952e+15
1.37278e+02,3.77816e+15
1.37479e+02,3.77680e+15
1.37679e+02,3.77545e+15
1.37880e+02,3.77410e+15
1.38080e+02,3.77275e+15
1.38281e+02,3.77142e+15
1.38482e+02,3.77009e+15
1.38682e+02,3.76876e+15
1.38883e+02,3.76744e+15
1.39083e+02,3.76612e+15
1.39284e+02,3.76481e+15
1.39485e+02,3.76350e+15
1.39685e+02,3.76220e+15
1.39886e+02,3.76091e+15
1.40086e+02,3.75962e+15
1.40287e+02,3.75833e+15
1.40488e+02,3.75705e+15
1.40688e+02,3.75577e+15
1.40889e+02,3.75450e+15
1.41090e+02,3.75324e+15
1.41290e+02,3.75198e+15
1.41491e+02,3.75072e+15
1.41691e+02,3.74947e+15
1.41892e+02,3.74822e+15
1.42093e+02,3.74698e+15
1.42293e+02,3.74574e+15
1.42494e+02,3.74451e+15
1.42694e+02,3.74328e+15
1.42895e+02,3.74206e+15
1.43096e+02,3.74084e+15
1.43296e+02,3.73963e+15
1.43497e+02,3.73842e+15
1.43698e+02,3.73721e+15
1.43898e+02,3.73601e+15
1.44099e+02,3.73482e+15
1.44299e+02,3.73362e+15
1.44500e+02,3.73244e+15
1.44701e+02,3.73125e+15
1.44901e+02,3.73008e+15
1.45102e+02,3.72890e+15
1.45302e+02,3.72773e+15
1.45503e+02,3.72657e+15
1.45704e+02,3.72541e+15
1.45904e+02,3.72425e+15
1.46105e+02,3.72310e+15
1.46306e+02,3.72195e+15
1.46506e+02,3.72081e+15
1.46707e+02,3.71967e+15
1.46907e+02,3.71853e+15
1.47108e+02,3.71740e+15
1.47309e+02,3.71627e+15
1.47509e+02,3.71515e+15
1.47710e+02,3.71403e+15
1.47910e+02,3.71291e+15
1.48111e+02,3.71180e+15
1.48312e+02,3.71070e+15
1.48512e+02,3.70959e+15
1.48713e+02,3.70849e+15
1.48914e+02,3.70740e+15
1.49114e+02,3.70631e+15
1.49315e+02,3.70522e+15
1.49515e+02,3.70414e+15
1.49716e+02,3.70306e+15
1.49917e+02,3.70198e+15
1.50117e+02,3.70091e+15
1.50318e+02,3.69984e+15
1.50518e+02,3.69878e+15
1.50719e+02,3.69772e+15
1.50920e+02,3.69666e+15
1.51120e+02,3.69561e+15
1.51321e+02,3.69456e+15
1.51522e+02,3.69351e+15
1.51722e+02,3.69247e+15
1.51923e+02,3.69143e+15
1.52123e+02,3.69039e+15
1.52324e+02,3.68936e+15
1.52525e+02,3.68833e+15
1.52725e+02,3.68731e+15
1.52926e+02,3.68629e+15
1.53126e+02,3.68527e+15
1.53327e+02,3.68426e+15
1.53528e+02,3.68325e+15
1.53728e+02,3.68224e+15
1.53929e+02,3.68124e+15
1.54130e+02,3.68024e+15
1.54330e+02,3.67924e+15
1.54531e+02,3.67825e+15
1.54731e+02,3.67726e+15
1.54932e+02,3.67627e+15
1.55133e+02,3.67529e+15
1.55333e+02,3.67431e+15
1.55534e+02,3.67333e+15
1.55734e+02,3.67236e+15
1.55935e+02,3.67139e+15
1.56136e+02,3.67042e+15
1.56336e+02,3.66946e+15
1.56537e+02,3.66850e+15
1.56738e+02,3.66754e+15
1.56938e+02,3.66659e+15
1.57139e+02,3.66564e+15
1.57339e+02,3.66469e+15
1.57540e+02,3.66375e+15
1.57741e+02,3.66281e+15
1.57941e+02,3.66187e+15
1.58142e+02,3.66093e+15
1.58342e+02,3.66000e+15
1.58543e+02,3.65907e+15
1.58744e+02,3.65815e+15
1.58944e+02,3.65722e+15
1.59145e+02,3.65630e+15
1.59345e+02,3.65539e+15
1.59546e+02,3.65447e+15
1.59747e+02,3.65356e+15
1.59947e+02,3.65265e+15
1.60148e+02,3.65175e+15
1.60349e+02,3.65085e+15
1.60549e+02,3.64995e+15
1.60750e+02,3.64905e+15
1.60950e+02,3.64816e+15
1.61151e+02,3.64727e+15
1.61352e+02,3.64638e+15
1.61552e+02,3.64550e+15
1.61753e+02,3.64462e+15
1.61953e+02,3.64374e+15
1.62154e+02,3.64286e+15
1.62355e+02,3.64199e+15
1.62555e+02,3.64112e+15
1.62756e+02,3.64025e+15
1.62957e+02,3.63938e+15
1.63157e+02,3.63852e+15
1.63358e+02,3.63766e+15
1.63558e+02,3.63681e+15
1.63759e+02,3.63595e+15
1.63960e+02,3.63510e+15
1.64160e+02,3.63425e+15
1.64361e+02,3.63341e+15
1.64561e+02,3.63256e+15
1.64762e+02,3.63172e+15
1.64963e+02,3.63088e+15
1.65163e+02,3.63005e+15
1.65364e+02,3.62921e+15
1.65565e+02,3.62838e+15
1.65765e+02,3.62756e+15
1.65966e+02,3.62673e+15
1.66166e+02,3.62591e+15
1.66367e+02,3.62509e+15
1.66568e+02,3.62427e+15
1.66768e+02,3.62346e+15
1.66969e+02,3.62264e+15
1.67169e+02,3.62183e+15
1.67370e+02,3.62102e+15
1.67571e+02,3.62022e+15
1.67771e+02,3.61942e+15
1.67972e+02,3.61862e+15
1.68173e+02,3.61782e+15
1.68373e+02,3.61702e+15
1.68574e+02,3.61623e+15
1.68774e+02,3.61544e+15
1.68975e+02,3.61465e+15
1.69176e+02,3.61387e+15
1.69376e+02,3.61308e+15
1.69577e+02,3.61230e+15
1.69777e+02,3.61152e+15
1.69978e+02,3.61075e+15
1.70179e+02,3.60997e+15
1.70379e+02,3.60920e+15
1.70580e+02,3.60843e+15
1.70781e+02,3.60766e+15
1.70981e+02,3.60690e+15
1.71182e+02,3.60614e+15
1.71382e+02,3.60538e+15
1.71583e+02,3.60462e+15
1.71784e+02,3.60386e+15
1.71984e+02,3.60311e+15
1.72185e+02,3.60236e+15
1.72385e+02,3.60161e+15
1.72586e+02,3.60086e+15
1.72787e+02,3.60012e+15
1.72987e+02,3.59938e+15
1.73188e+02,3.59863e+15
1.73389e+02,3.59790e+15
1.73589e+02,3.59716e+15
1.73790e+02,3.59643e+15
1.73990e+02,3.59570e+15
1.74191e+02,3.59497e+15
1.74392e+02,3.59424e+15
1.74592e+02,3.59351e+15
1.74793e+02,3.59279e+15
1.74993e+02,3.59207e+15
1.75194e+02,3.59135e+15
1.75395e+02,3.59063e+15
1.75595e+02,3.58992e+15
1.75796e+02,3.58920e+15
1.75996e+02,3.58849e+15
1.76197e+02,3.58779e+15
1.76398e+02,3.58708e+15
1.76598e+02,3.58637e+15
1.76799e+02,3.58567e+15
1.77000e+02,3.58497e+15
1.77200e+02,3.58427e+15
1.77401e+02,3.58357e+15
1.77601e+02,3.58288e+15
1.77802e+02,3.58219e+15
1.78003e+02,3.58150e+15
1.78203e+02,3.58081e+15
1.78404e+02,3.58012e+15
1.78604e+02,3.57944e+15
1.78805e+02,3.57875e+15
1.79006e+02,3.57807e+15
1.79206e+02,3.57739e+15
1.79407e+02,3.57672e+15
1.79608e+02,3.57604e+15
1.79808e+02,3.57537e+15
1.80009e+02,3.57469e+15
1.80209e+02,3.57402e+15
1.80410e+02,3.57336e+15
1.80611e+02,3.57269e+15
1.80811e+02,3.57203e+15
1.81012e+02,3.57136e+15
1.81212e+02,3.57070e+15
1.81413e+02,3.57004e+15
1.81614e+02,3.56939e+15
1.81814e+02,3.56873e+15
1.82015e+02,3.56808e+15
1.82216e+02,3.56743e+15
1.82416e+02,3.56678e+15
1.82617e+02,3.56613e+15
1.82817e+02,3.56548e+15
1.83018e+02,3.56484e+15
1.83219e+02,3.56420e+15
1.83419e+02,3.56356e+15
1.83620e+02,3.56292e+15
1.83820e+02,3.56228e+15
1.84021e+02,3.56164e+15
1.84222e+02,3.56101e+15
1.84422e+02,3.56038e+15
1.84623e+02,3.55975e+15
1.84824e+02,3.55912e+15
1.85024e+02,3.55849e+15
1.85225e+02,3.55787e+15
1.85425e+02,3.55724e+15
1.85626e+02,3.55662e+15
1.85827e+02,3.55600e+15
1.86027e+02,3.55538e+15
1.86228e+02,3.55476e+15
1.86428e+02,3.55415e+15
1.86629e+02,3.55354e+15
1.86830e+02,3.55292e+15
1.87030e+02,3.55231e+15
1.87231e+02,3.55170e+15
1.87432e+02,3.55110e+15
1.87632e+02,3.55049e+15
1.87833e+02,3.54989e+15
1.88033e+02,3.54928e+15
1.88234e+02,3.54868e+15
1.88435e+02,3.54808e+15
1.88635e+02,3.54749e+15
1.88836e+02,3.54689e+15
1.89036e+02,3.54630e+15
1.89237e+02,3.54570e+15
1.89438e+02,3.54511e+15
1.89638e+02,3.54452e+15
1.89839e+02,3.54393e+15
1.90040e+02,3.54335e+15
1.90240e+02,3.54276e+15
1.90441e+02,3.54218e+15
1.90641e+02,3.54159e+15
1.90842e+02,3.54101e+15
1.91043e+02,3.54043e+15
1.91243e+02,3.53986e+15
1.91444e+02,3.53928e+15
1.91644e+02,3.53871e+15
1.91845e+02,3.53813e+15
1.92046e+02,3.53756e+15
1.92246e+02,3.53699e+15
1.92447e+02,3.53642e+15
1.92647e+02,3.53585e+15
1.92848e+02,3.53529e+15
1.93049e+02,3.53472e+15
1.93249e+02,3.53416e+15
1.93450e+02,3.53360e+15
1.93651e+02,3.53304e+15
1.93851e+02,3.53248e+15
1.94052e+02,3.53192e+15
1.94252e+02,3.53137e+15
1.94453e+02,3.53081e+15
1.94654e+02,3.53026e+15
1.94854e+02,3.52971e+15
1.95055e+02,3.52916e+15
1.95255e+02,3.52861e+15
1.95456e+02,3.52806e+15
1.95657e+02,3.52751e+15
1.95857e+02,3.52697e+15
1.96058e+02,3.52643e+15
1.96259e+02,3.52588e+15
1.96459e+02,3.52534e+15
1.96660e+02,3.52480e+15
1.96860e+02,3.52426e+15
1.97061e+02,3.52373e+15
1.97262e+02,3.52319e+15
1.97462e+02,3.52266e+15
1.97663e+02,3.52213e+15
1.97863e+02,3.52159e+15
1.98064e+02,3.52106e+15
1.98265e+02,3.52054e+15
1.98465e+02,3.52001e+15
1.98666e+02,3.51948e+15
1.98867e+02,3.51896e+15
1.99067e+02,3.51843e+15
1.99268e+02,3.51791e+15
1.99468e+02,3.51739e+15
1.99669e+02,3.51687e+15
1.99870e+02,3.51635e+15
2.00070e+02,3.51583e+15
2.00271e+02,3.51532e+15
2.00471e+02,3.51480e+15
2.00672e+02,3.51429e+15
2.00873e+02,3.51378e+15
2.01073e+02,3.51327e+15
2.01274e+02,3.51276e+15
2.01475e+02,3.51225e+15
2.01675e+02,3.51174e+15
2.01876e+02,3.51124e+15
2.02076e+02,3.51073e+15
2.02277e+02,3.51023e+15
2.02478e+02,3.50973e+15
2.02678e+02,3.50922e+15
2.02879e+02,3.50872e+15
2.03079e+02,3.50823e+15
2.03280e+02,3.50773e+15
2.03481e+02,3.50723e+15
2.03681e+02,3.50674e+15
2.03882e+02,3.50624e+15
2.04083e+02,3.50575e+15
2.04283e+02,3.50526e+15
2.04484e+02,3.50477e+15
2.04684e+02,3.50428e+15
2.04885e+02,3.50379e+15
2.05086e+02,3.50330e+15
2.05286e+02,3.50282e+15
2.05487e+02,3.50233e+15
2.05687e+02,3.50185e+15
2.05888e+02,3.50137e+15
2.06089e+02,3.50089e+15
2.06289e+02,3.50041e+15
2.06490e+02,3.49993e+15
2.06691e+02,3.49945e+15
2.06891e+02,3.49897e+15
2.07092e+02,3.49850e+15
2.07292e+02,3.49802e+15
2.07493e+02,3.49755e+15
2.07694e+02,3.49708e+15
2.07894e+02,3.49660e+15
2.08095e+02,3.49613e+15
2.08295e+02,3.49567e+15
2.08496e+02,3.49520e+15
2.08697e+02,3.49473e+15
2.08897e+02,3.49427e+15
2.09098e+02,3.49380e+15
2.09299e+02,3.49334e+15
2.09499e+02,3.49287e+15
2.09700e+02,3.49241e+15
2.09900e+02,3.49195e+15
2.10101e+02,3.49149e+15
2.10302e+02,3.49104e+15
2.10502e+02,3.49058e+15
2.10703e+02,3.49012e+15
2.10903e+02,3.48967e+15
2.11104e+02,3.48921e+15
2.11305e+02,3.48876e+15
2.11505e+02,3.48831e+15
2.11706e+02,3.48786e+15
2.11906e+02,3.48741e+15
2.12107e+02,3.48696e+15
2.12308e+02,3.48651e+15
2.12508e+02,3.48606e+15
2.12709e+02,3.48562e+15
2.12910e+02,3.48517e+15
2.13110e+02,3.48473e+15
2.13311e+02,3.48429e+15
2.13511e+02,3.48384e+15
2.13712e+02,3.48340e+15
2.13913e+02,3.48296e+15
2.14113e+02,3.48252e+15
2.14314e+02,3.48209e+15
2.14514e+02,3.48165e+15
2.14715e+02,3.48121e+15
2.14916e+02,3.48078e+15
2.15116e+02,3.48035e+15
2.15317e+02,3.47991e+15
2.15518e+02,3.47948e+15
2.15718e+02,3.47905e+15
2.15919e+02,3.47862e+15
2.16119e+02,3.47819e+15
2.16320e+02,3.47776e+15
2.16521e+02,3.47733e+15
2.16721e+02,3.47691e+15
2.16922e+02,3.47648e+15
2.17122e+02,3.47606e+15
2.17323e+02,3.47564e+15
2.17524e+02,3.47521e+15
2.17724e+02,3.47479e+15
2.17925e+02,3.47437e+15
2.18126e+02,3.47395e+15
2.18326e+02,3.47353e+15
2.18527e+02,3.47311e+15
2.18727e+02,3.47270e+15
2.18928e+02,3.47228e+15
2.19129e+02,3.47187e+15
2.19329e+02,3.47145e+15
2.19530e+02,3.47104e+15
2.19730e+02,3.47063e+15
2.19931e+02,3.47021e+15
2.20132e+02,3.46980e+15
2.20332e+02,3.46939e+15
2.20533e+02,3.46899e+15
2.20734e+02,3.46858e+15
2.20934e+02,3.46817e+15
2.21135e+02,3.46776e+15
2.21335e+02,3.46736e+15
2.21536e+02,3.46695e+15
2.21737e+02,3.46655e+15
2.21937e+02,3.46615e+15
2.22138e+02,3.46575e+15
2.22338e+02,3.46535e+15
2.22539e+02,3.46495e+15
2.22740e+02,3.46455e+15
2.22940e+02,3.46415e+15
2.23141e+02,3.46375e+15
2.23342e+02,3.46335e+15
2.23542e+02,3.46296e+15
2.23743e+02,3.46256e+15
2.23943e+02,3.46217e+15
2.24144e+02,3.46178e+15
2.24345e+02,3.46138e+15
2.24545e+02,3.46099e+15
2.24746e+02,3.46060e+15
2.24946e+02,3.46021e+15
2.25147e+02,3.45982e+15
2.25348e+02,3.45943e+15
2.25548e+02,3.45905e+15
2.25749e+02,3.45866e+15
2.25950e+02,3.45827e+15
2.26150e+02,3.45789e+15
2.26351e+02,3.45750e+15
2.26551e+02,3.45712e+15
2.26752e+02,3.45674e+15
2.26953e+02,3.45636e+15
2.27153e+02,3.45597e+15
2.27354e+02,3.45559e+15
2.27554e+02,3.45521e+15
2.27755e+02,3.45484e+15
2.27956e+02,3.45446e+15
2.28156e+02,3.45408e+15
2.28357e+02,3.45370e+15
2.28557e+02,3.45333e+15
2.28758e+02,3.45295e+15
2.28959e+02,3.45258e+15
2.29159e+02,3.45221e+15
2.29360e+02,3.45184e+15
2.29561e+02,3.45146e+15
2.29761e+02,3.45109e+15
2.29962e+02,3.45072e+15
2.30162e+02,3.45035e+15
2.30363e+02,3.44998e+15
2.30564e+02,3.44962e+15
2.30764e+02,3.44925e+15
2.30965e+02,3.44888e+15
2.31165e+02,3.44852e+15
2.31366e+02,3.44815e+15
2.31567e+02,3.44779e+15
2.31767e+02,3.44743e+15
2.31968e+02,3.44706e+15
2.32169e+02,3.44670e+15
2.32369e+02,3.44634e+15
2.32570e+02,3.44598e+15
2.32770e+02,3.44562e+15
2.32971e+02,3.44526e+15
2.33172e+02,3.44490e+15
2.33372e+02,3.44455e+15
2.33573e+02,3.44419e+15
2.33773e+02,3.44383e+15
2.33974e+02,3.44348e+15
2.34175e+02,3.44312e+15
2.34375e+02,3.44277e+15
2.34576e+02,3.44242e+15
2.34777e+02,3.44206e+15
2.34977e+02,3.44171e+15
2.35178e+02,3.44136e+15
2.35378e+02,3.44101e+15
2.35579e+02,3.44066e+15
2.35780e+02,3.44031e+15
2.35980e+02,3.43997e+15
2.36181e+02,3.43962e+15
2.36381e+02,3.43927e+15
2.36582e+02,3.43892e+15
2.36783e+02,3.43858e+15
2.36983e+02,3.43823e+15
2.37184e+02,3.43789e+15
2.37385e+02,3.43755e+15
2.37585e+02,3.43720e+15
2.37786e+02,3.43686e+15
2.37986e+02,3.43652e+15
2.38187e+02,3.43618e+15
2.38388e+02,3.43584e+15
2.38588e+02,3.43550e+15
2.38789e+02,3.43516e+15
2.38989e+02,3.43483e+15
2.39190e+02,3.43449e+15
2.39391e+02,3.43415e+15
2.39591e+02,3.43382e+15
2.39792e+02,3.43348e+15
2.39993e+02,3.43315e+15
2.40193e+02,3.43281e+15
2.40394e+02,3.43248e+15
2.40594e+02,3.43215e+15
2.40795e+02,3.43181e+15
2.40996e+02,3.43148e+15
2.41196e+02,3.43115e+15
2.41397e+02,3.43082e+15
2.41597e+02,3.43049e+15
2.41798e+02,3.43016e+15
2.41999e+02,3.42984e+15
2.42199e+02,3.42951e+15
2.42400e+02,3.42918e+15
2.42601e+02,3.42885e+15
2.42801e+02,3.42853e+15
2.43002e+02,3.42820e+15
2.43202e+02,3.42788e+15
2.43403e+02,3.42756e+15
2.43604e+02,3.42723e+15
2.43804e+02,3.42691e+15
2.44005e+02,3.42659e+15
2.44205e+02,3.42627e+15
2.44406e+02,3.42595e+15
2.44607e+02,3.42563e+15
2.44807e+02,3.42531e+15
2.45008e+02,3.42499e+15
2.45208e+02,3.42467e+15
2.45409e+02,3.42435e+15
2.45610e+02,3.42404e+15
2.45810e+02,3.42372e+15
2.46011e+02,3.42340e+15
2.46212e+02,3.42309e+15
2.46412e+02,3.42277e+15
2.46613e+02,3.42246e+15
2.46813e+02,3.42215e+15
2.47014e+02,3.42183e+15
2.47215e+02,3.42152e+15
2.47415e+02,3.42121e+15
2.47616e+02,3.42090e+15
2.47816e+02,3.42059e+15
2.48017e+02,3.42028e+15
2.48218e+02,3.41997e+15
2.48418e+02,3.41966e+15
2.48619e+02,3.41935e+15
2.48820e+02,3.41905e+15
2.49020e+02,3.41874e+15
2.49221e+02,3.41843e+15
2.49421e+02,3.41813e+15
2.49622e+02,3.41782e+15
2.49823e+02,3.41752e+15
2.50023e+02,3.41721e+15
2.50224e+02,3.41691e+15
2.50424e+02,3.41661e+15
2.50625e+02,3.41630e+15
2.50826e+02,3.41600e+15
2.51026e+02,3.41570e+15
2.51227e+02,3.41540e+15
2.51428e+02,3.41510e+15
2.51628e+02,3.41480e+15
2.51829e+02,3.41450e+15
2.52029e+02,3.41420e+15
2.52230e+02,3.41391e+15
2.52431e+02,3.41361e+15
2.52631e+02,3.41331e+15
2.52832e+02,3.41302e+15
2.53032e+02,3.41272e+15
2.53233e+02,3.41243e+15
2.53434e+02,3.41213e+15
2.53634e+02,3.41184e+15
2.53835e+02,3.41154e+15
2.54036e+02,3.41125e+15
2.54236e+02,3.41096e+15
2.54437e+02,3.41067e+15
2.54637e+02,3.41037e+15
2.54838e+02,3.41008e+15
2.55039e+02,3.40979e+15
2.55239e+02,3.40950e+15
2.55440e+02,3.40921e+15
2.55640e+02,3.40893e+15
2.55841e+02,3.40864e+15
2.56042e+02,3.40835e+15
2.56242e+02,3.40806e+15
2.56443e+02,3.40778e+15
2.56644e+02,3.40749e+15
2.56844e+02,3.40720e+15
2.57045e+02,3.40692e+15
2.57245e+02,3.40664e+15
2.57446e+02,3.40635e+15
2.57647e+02,3.40607e+15
2.57847e+02,3.40578e+15
2.58048e+02,3.40550e+15
2.58248e+02,3.40522e+15
2.58449e+02,3.40494e+15
2.58650e+02,3.40466e+15
2.58850e+02,3.40438e+15
2.59051e+02,3.40410e+15
2.59252e+02,3.40382e+15
2.59452e+02,3.40354e+15
2.59653e+02,3.40326e+15
2.59853e+02,3.40298e+15
2.60054e+02,3.40271e+15
2.60255e+02,3.40243e+15
2.60455e+02,3.40215e+15
2.60656e+02,3.40188e+15
2.60856e+02,3.40160e+15
2.61057e+02,3.40133e+15
2.61258e+02,3.40105e+15
2.61458e+02,3.40078e+15
2.61659e+02,3.40050e+15
2.61859e+02,3.40023e+15
2.62060e+02,3.39996e+15
2.62261e+02,3.39969e+15
2.62461e+02,3.39941e+15
2.62662e+02,3.39914e+15
2.62863e+02,3.39887e+15
2.63063e+02,3.39860e+15
2.63264e+02,3.39833e+15
2.63464e+02,3.39806e+15
2.63665e+02,3.39779e+15
2.63866e+02,3.39753e+15
2.64066e+02,3.39726e+15
2.64267e+02,3.39699e+15
2.64467e+02,3.39672e+15
2.64668e+02,3.39646e+15
2.64869e+02,3.39619e+15
2.65069e+02,3.39593e+15
2.65270e+02,3.39566e+15
2.65471e+02,3.39540e+15
2.65671e+02,3.39513e+15
2.65872e+02,3.39487e+15
2.66072e+02,3.39461e+15
2.66273e+02,3.39434e+15
2.66474e+02,3.39408e+15
2.66674e+02,3.39382e+15
2.66875e+02,3.39356e+15
2.67075e+02,3.39330e+15
2.67276e+02,3.39304e+15
2.67477e+02,3.39278e+15
2.67677e+02,3.39252e+15
2.67878e+02,3.39226e+15
2.68079e+02,3.39200e+15
2.68279e+02,3.39174e+15
2.68480e+02,3.39148e+15
2.68680e+02,3.39123e+15
2.68881e+02,3.39097e+15
2.69082e+02,3.39071e+15
2.69282e+02,3.39046e+15
2.69483e+02,3.39020e+15
2.69683e+02,3.38995e+15
2.69884e+02,3.38969e+15
2.70085e+02,3.38944e+15
2.70285e+02,3.38918e+15
2.70486e+02,3.38893e+15
2.70687e+02,3.38868e+15
2.70887e+02,3.38843e+15
2.71088e+02,3.38817e+15
2.71288e+02,3.38792e+15
2.71489e+02,3.38767e+15
2.71690e+02,3.38742e+15
2.71890e+02,3.38717e+15
2.72091e+02,3.38692e+15
2.72291e+02,3.38667e+15
2.72492e+02,3.38642e+15
2.72693e+02,3.38617e+15
2.72893e+02,3.38592e+15
2.73094e+02,3.38568e+15
2.73295e+02,3.38543e+15
2.73495e+02,3.38518e+15
2.73696e+02,3.38494e+15
2.73896e+02,3.38469e+15
2.74097e+02,3.38444e+15
2.74298e+02,3.38420e+15
2.74498e+02,3.38395e+15
2.74699e+02,3.38371e+15
2.74899e+02,3.38346e+15
2.75100e+02,3.38322e+15
2.75301e+02,3.38298e+15
2.75501e+02,3.38274e+15
2.75702e+02,3.38249e+15
2.75903e+02,3.38225e+15
2.76103e+02,3.38201e+15
2.76304e+02,3.38177e+15
2.76504e+02,3.38153e+15
2.76705e+02,3.38129e+15
2.76906e+02,3.38105e+15
2.77106e+02,3.38081e+15
2.77307e+02,3.38057e+15
2.77507e+02,3.38033e+15
2.77708e+02,3.38009e+15
2.77909e+02,3.37985e+15
2.78109e+02,3.37961e+15
2.78310e+02,3.37938e+15
2.78511e+02,3.37914e+15
2.78711e+02,3.37890e+15
2.78912e+02,3.37867e+15
2.79112e+02,3.37843e+15
2.79313e+02,3.37820e+15
2.79514e+02,3.37796e+15
2.79714e+02,3.37773e+15
2.79915e+02,3.37749e+15
2.80115e+02,3.37726e+15
2.80316e+02,3.37703e+15
2.80517e+02,3.37679e+15
2.80717e+02,3.37656e+15
2.80918e+02,3.37633e+15
2.81118e+02,3.37610e+15
2.81319e+02,3.37586e+15
2.81520e+02,3.37563e+15
2.81720e+02,3.37540e+15
2.81921e+02,3.37517e+15
2.82122e+02,3.37494e+15
2.82322e+02,3.37471e+15
2.82523e+02,3.37448e+15
2.82723e+02,3.37425e+15
2.82924e+02,3.37403e+15
2.83125e+02,3.37380e+15
2.83325e+02,3.37357e+15
2.83526e+02,3.37334e+15
2.83726e+02,3.37312e+15
2.83927e+02,3.37289e+15
2.84128e+02,3.37266e+15
2.84328e+02,3.37244e+15
2.84529e+02,3.37221e+15
2.84730e+02,3.37199e+15
2.84930e+02,3.37176e+15
2.85131e+02,3.37154e+15
2.85331e+02,3.37131e+15
2.85532e+02,3.37109e+15
2.85733e+02,3.37087e+15
2.85933e+02,3.37064e+15
2.86134e+02,3.37042e+15
2.86334e+02,3.37020e+15
2.86535e+02,3.36998e+15
2.86736e+02,3.36975e+15
2.86936e+02,3.36953e+15
2.87137e+02,3.36931e+15
2.87338e+02,3.36909e+15
2.87538e+02,3.36887e+15
2.87739e+02,3.36865e+15
2.87939e+02,3.36843e+15
2.88140e+02,3.36821e+15
2.88341e+02,3.36799e+15
2.88541e+02,3.36777e+15
2.88742e+02,3.36756e+15
2.88942e+02,3.36734e+15
2.89143e+02,3.36712e+15
2.89344e+02,3.36690e+15
2.89544e+02,3.36669e+15
2.89745e+02,3.36647e+15
2.89946e+02,3.36625e+15
2.90146e+02,3.36604e+15
2.90347e+02,3.36582e+15
2.90547e+02,3.36561e+15
2.90748e+02,3.36539e+15
2.90949e+02,3.36518e+15
2.91149e+02,3.36497e+15
2.91350e+02,3.36475e+15
2.91550e+02,3.36454e+15
2.91751e+02,3.36433e+15
2.91952e+02,3.36411e+15
2.92152e+02,3.36390e+15
2.92353e+02,3.36369e+15
2.92554e+02,3.36348e+15
2.92754e+02,3.36327e+15
2.92955e+02,3.36305e+15
2.93155e+02,3.36284e+15
2.93356e+02,3.36263e+15
2.93557e+02,3.36242e+15
2.93757e+02,3.36221e+15
2.93958e+02,3.36200e+15
2.94158e+02,3.36179e+15
2.94359e+02,3.36159e+15
2.94560e+02,3.36138e+15
2.94760e+02,3.36117e+15
2.94961e+02,3.36096e+15
2.95162e+02,3.36075e+15
2.95362e+02,3.36055e+15
2.95563e+02,3.36034e+15
2.95763e+02,3.36013e+15
2.95964e+02,3.35993e+15
2.96165e+02,3.35972e+15
2.96365e+02,3.35952e+15
2.96566e+02,3.35931e+15
2.96766e+02,3.35911e+15
2.96967e+02,3.35890e+15
2.97168e+02,3.35870e+15
2.97368e+02,3.35849e+15
2.97569e+02,3.35829e+15
2.97769e+02,3.35809e+15
2.97970e+02,3.35788e+15
2.98171e+02,3.35768e+15
2.98371e+02,3.35748e+15
2.98572e+02,3.35728e+15
2.98773e+02,3.35707e+15
2.98973e+02,3.35687e+15
2.99174e+02,3.35667e+15
2.99374e+02,3.35647e+15
2.99575e+02,3.35627e+15
2.99776e+02,3.35607e+15
2.99976e+02,3.35587e+15
3.00177e+02,3.35567e+15
3.00377e+02,3.35547e+15
3.00578e+02,3.35527e+15
3.00779e+02,3.35507e+15
3.00979e+02,3.35487e+15
3.01180e+02,3.35468e+15
3.01381e+02,3.35448e+15
3.01581e+02,3.35428e+15
3.01782e+02,3.35408e+15
3.01982e+02,3.35389e+15
3.02183e+02,3.35369e+15
3.02384e+02,3.35349e+15
3.02584e+02,3.35330e+15
3.02785e+02,3.35310e+15
3.02985e+02,3.35291e+15
3.03186e+02,3.35271e+15
3.03387e+02,3.35251e+15
3.03587e+02,3.35232e+15
3.03788e+02,3.35213e+15
3.03989e+02,3.35193e+15
3.04189e+02,3.35174e+15
3.04390e+02,3.35154e+15
3.04590e+02,3.35135e+15
3.04791e+02,3.35116e+15
3.04992e+02,3.35097e+15
3.05192e+02,3.35077e+15
3.05393e+02,3.35058e+15
3.05593e+02,3.35039e+15
3.05794e+02,3.35020e+15
3.05995e+02,3.35001e+15
3.06195e+02,3.34982e+15
3.06396e+02,3.34963e+15
3.06597e+02,3.34944e+15
3.06797e+02,3.34924e+15
3.06998e+02,3.34906e+15
3.07198e+02,3.34887e+15
3.07399e+02,3.34868e+15
3.07600e+02,3.34849e+15
3.07800e+02,3.34830e+15
3.08001e+02,3.34811e+15
3.08201e+02,3.34792e+15
3.08402e+02,3.34773e+15
3.08603e+02,3.34755e+15
3.08803e+02,3.34736e+15
3.09004e+02,3.34717e+15
3.09205e+02,3.34699e+15
3.09405e+02,3.34680e+15
3.09606e+02,3.34661e+15
3.09806e+02,3.34643e+15
3.10007e+02,3.34624e+15
3.10208e+02,3.34606e+15
3.10408e+02,3.34587e+15
3.10609e+02,3.34569e+15
3.10809e+02,3.34550e+15
3.11010e+02,3.34532e+15
3.11211e+02,3.34513e+15
3.11411e+02,3.34495e+15
3.11612e+02,3.34477e+15
3.11813e+02,3.34458e+15
3.12013e+02,3.34440e+15
3.12214e+02,3.34422e+15
3.12414e+02,3.34403e+15
3.12615e+02,3.34385e+15
3.12816e+02,3.34367e+15
3.13016e+02,3.34349e+15
3.13217e+02,3.34331e+15
3.13417e+02,3.34313e+15
3.13618e+02,3.34295e+15
3.13819e+02,3.34277e+15
3.14019e+02,3.34258e+15
3.14220e+02,3.34240e+15
3.14420e+02,3.34222e+15
3.14621e+02,3.34205e+15
3.14822e+02,3.34187e+15
3.15022e+02,3.34169e+15
3.15223e+02,3.34151e+15
3.15424e+02,3.34133e+15
3.15624e+02,3.34115e+15
3.15825e+02,3.34097e+15
3.16025e+02,3.34080e+15
3.16226e+02,3.34062e+15
3.16427e+02,3.34044e+15
3.16627e+02,3.34026e+15
3.16828e+02,3.34009e+15
3.17028e+02,3.33991e+15
3.17229e+02,3.33973e+15
3.17430e+02,3.33956e+15
3.17630e+02,3.33938e+15
3.17831e+02,3.33921e+15
3.18032e+02,3.33903e+15
3.18232e+02,3.33886e+15
3.18433e+02,3.33868e+15
3.18633e+02,3.33851e+15
3.18834e+02,3.33833e+15
3.19035e+02,3.33816e+15
3.19235e+02,3.33799e+15
3.19436e+02,3.33781e+15
3.19636e+02,3.33764e+15
3.19837e+02,3.33747e+15
3.20038e+02,3.33729e+15
3.20238e+02,3.33712e+15
3.20439e+02,3.33695e+15
3.20640e+02,3.33678e+15
3.20840e+02,3.33660e+15
3.21041e+02,3.33643e+15
3.21241e+02,3.33626e+15
3.21442e+02,3.33609e+15
3.21643e+02,3.33592e+15
3.21843e+02,3.33575e+15
3.22044e+02,3.33558e+15
3.22244e+02,3.33541e+15
3.22445e+02,3.33524e+15
3.22646e+02,3.33507e+15
3.22846e+02,3.33490e+15
3.23047e+02,3.33473e+15
3.23248e+02,3.33456e+15
3.23448e+02,3.33439e+15
3.23649e+02,3.33422e+15
3.23849e+02,3.33405e+15
3.24050e+02,3.33389e+15
3.24251e+02,3.33372e+15
3.24451e+02,3.33355e+15
3.24652e+02,3.33338e+15
3.24852e+02,3.33322e+15
3.25053e+02,3.33305e+15
3.25254e+02,3.33288e+15
3.25454e+02,3.33272e+15
3.25655e+02,3.33255e+15
3.25856e+02,3.33239e+15
3.26056e+02,3.33222e+15
3.26257e+02,3.33205e+15
3.26457e+02,3.33189e+15
3.26658e+02,3.33172e+15
3.26859e+02,3.33156e+15
3.27059e+02,3.33139e+15
3.27260e+02,3.33123e+15
3.27460e+02,3.33107e+15
3.27661e+02,3.33090e+15
3.27862e+02,3.33074e+15
3.28062e+02,3.33057e+15
3.28263e+02,3.33041e+15
3.28464e+02,3.33025e+15
3.28664e+02,3.33009e+15
3.28865e+02,3.32992e+15
3.29065e+02,3.32976e+15
3.29266e+02,3.32960e+15
3.29467e+02,3.32944e+15
3.29667e+02,3.32928e+15
3.29868e+02,3.32911e+15
3.30068e+02,3.32895e+15
3.30269e+02,3.32879e+15
3.30470e+02,3.32863e+15
3.30670e+02,3.32847e+15
3.30871e+02,3.32831e+15
3.31072e+02,3.32815e+15
3.31272e+02,3.32799e+15
3.31473e+02,3.32783e+15
3.31673e+02,3.32767e+15
3.31874e+02,3.32751e+15
3.32075e+02,3.32735e+15
3.32275e+02,3.32719e+15
3.32476e+02,3.32703e+15
3.32676e+02,3.32688e+15
3.32877e+02,3.32672e+15
3.33078e+02,3.32656e+15
3.33278e+02,3.32640e+15
3.33479e+02,3.32624e+15
3.33679e+02,3.32609e+15
3.33880e+02,3.32593e+15
3.34081e+02,3.32577e+15
3.34281e+02,3.32562e+15
3.34482e+02,3.32546e+15
3.34683e+02,3.32530e+15
3.34883e+02,3.32515e+15
3.35084e+02,3.32499e+15
3.35284e+02,3.32484e+15
3.35485e+02,3.32468e+15
3.35686e+02,3.32453e+15
3.35886e+02,3.32437e+15
3.36087e+02,3.32422e+15
3.36287e+02,3.32406e+15
3.36488e+02,3.32391e+15
3.36689e+02,3.32375e+15
3.36889e+02,3.32360e+15
3.37090e+02,3.32344e+15
3.37291e+02,3.32329e+15
3.37491e+02,3.32314e+15
3.37692e+02,3.32298e+15
3.37892e+02,3.32283e+15
3.38093e+02,3.32268e+15
3.38294e+02,3.32253e+15
3.38494e+02,3.32237e+15
3.38695e+02,3.32222e+15
3.38895e+02,3.32207e+15
3.39096e+02,3.32192e+15
3.39297e+02,3.32177e+15
3.39497e+02,3.32161e+15
3.39698e+02,3.32146e+15
3.39899e+02,3.32131e+15
3.40099e+02,3.32116e+15
3.40300e+02,3.32101e+15
3.40500e+02,3.32086e+15
3.40701e+02,3.32071e+15
3.40902e+02,3.32056e+15
3.41102e+02,3.32041e+15
3.41303e+02,3.32026e+15
3.41503e+02,3.32011e+15
3.41704e+02,3.31996e+15
3.41905e+02,3.31981e+15
3.42105e+02,3.31966e+15
3.42306e+02,3.31952e+15
3.42507e+02,3.31937e+15
3.42707e+02,3.31922e+15
3.42908e+02,3.31907e+15
3.43108e+02,3.31892e+15
3.43309e+02,3.31877e+15
3.43510e+02,3.31863e+15
3.43710e+02,3.31848e+15
3.43911e+02,3.31833e+15
3.44111e+02,3.31819e+15
3.44312e+02,3.31804e+15
3.44513e+02,3.31789e+15
3.44713e+02,3.31775e+15
3.44914e+02,3.31760e+15
3.45115e+02,3.31745e+15
3.45315e+02,3.31731e+15
3.45516e+02,3.31716e+15
3.45716e+02,3.31702e+15
3.45917e+02,3.31687e+15
3.46118e+02,3.31673e+15
3.46318e+02,3.31658e+15
3.46519e+02,3.31644e+15
3.46719e+02,3.31629e+15
3.46920e+02,3.31615e+15
3.47121e+02,3.31601e+15
3.47321e+02,3.31586e+15
3.47522e+02,3.31572e+15
3.47723e+02,3.31557e+15
3.47923e+02,3.31543e+15
3.48124e+02,3.31529e+15
3.48324e+02,3.31514e+15
3.48525e+02,3.31500e+15
3.48726e+02,3.31486e+15
3.48926e+02,3.31472e+15
3.49127e+02,3.31457e+15
3.49327e+02,3.31443e+15
3.49528e+02,3.31429e+15
3.49729e+02,3.31415e+15
3.49929e+02,3.31401e+15
3.50130e+02,3.31387e+15
3.50330e+02,3.31372e+15
3.50531e+02,3.31358e+15
3.50732e+02,3.31344e+15
3.50932e+02,3.31330e+15
3.51133e+02,3.31316e+15
3.51334e+02,3.31302e+15
3.51534e+02,3.31288e+15
3.51735e+02,3.31274e+15
3.51935e+02,3.31260e+15
3.52136e+02,3.31246e+15
3.52337e+02,3.31232e+15
3.52537e+02,3.31218e+15
3.52738e+02,3.31204e+15
3.52938e+02,3.31191e+15
3.53139e+02,3.31177e+15
3.53340e+02,3.31163e+15
3.53540e+02,3.31149e+15
3.53741e+02,3.31135e+15
3.53942e+02,3.31121e+15
3.54142e+02,3.31108e+15
3.54343e+02,3.31094e+15
3.54543e+02,3.31080e+15
3.54744e+02,3.31066e+15
3.54945e+02,3.31053e+15
3.55145e+02,3.31039e+15
3.55346e+02,3.31025e+15
3.55546e+02,3.31012e+15
3.55747e+02,3.30998e+15
3.55948e+02,3.30984e+15
3.56148e+02,3.30971e+15
3.56349e+02,3.30957e+15
3.56550e+02,3.30944e+15
3.56750e+02,3.30930e+15
3.56951e+02,3.30916e+15
3.57151e+02,3.30903e+15
3.57352e+02,3.30889e+15
3.57553e+02,3.30876e+15
3.57753e+02,3.30862e+15
3.57954e+02,3.30849e+15
3.58154e+02,3.30836e+15
3.58355e+02,3.30822e+15
3.58556e+02,3.30809e+15
3.58756e+02,3.30795e+15
3.58957e+02,3.30782e+15
3.59158e+02,3.30769e+15
3.59358e+02,3.30755e+15
3.59559e+02,3.30742e+15
3.59759e+02,3.30729e+15
3.59960e+02,3.30715e+15
3.60161e+02,3.30702e+15
3.60361e+02,3.30689e+15
3.60562e+02,3.30676e+15
3.60762e+02,3.30662e+15
3.60963e+02,3.30649e+15
3.61164e+02,3.30636e+15
3.61364e+02,3.30623e+15
3.61565e+02,3.30610e+15
3.61766e+02,3.30596e+15
3.61966e+02,3.30583e+15
3.62167e+02,3.30570e+15
3.62367e+02,3.30557e+15
3.62568e+02,3.30544e+15
3.62769e+02,3.30531e+15
3.62969e+02,3.30518e+15
3.63170e+02,3.30505e+15
3.63370e+02,3.30492e+15
3.63571e+02,3.30479e+15
3.63772e+02,3.30466e+15
3.63972e+02,3.30453e+15
3.64173e+02,3.30440e+15
3.64374e+02,3.30427e+15
3.64574e+02,3.30414e+15
3.64775e+02,3.30401e+15
3.64975e+02,3.30388e+15
3.65176e+02,3.30375e+15
3.65377e+02,3.30363e+15
3.65577e+02,3.30350e+15
3.65778e+02,3.30337e+15
3.65978e+02,3.30324e+15
3.66179e+02,3.30311e+15
3.66380e+02,3.30299e+15
3.66580e+02,3.30286e+15
3.66781e+02,3.30273e+15
3.66981e+02,3.30260e+15
3.67182e+02,3.30248e+15
3.67383e+02,3.30235e+15
3.67583e+02,3.30222e+15
3.67784e+02,3.30209e+15
3.67985e+02,3.30197e+15
3.68185e+02,3.30184e+15
3.68386e+02,3.30172e+15
3.68586e+02,3.30159e+15
3.68787e+02,3.30146e+15
3.68988e+02,3.30134e+15
3.69188e+02,3.30121e+15
3.69389e+02,3.30109e+15
3.69589e+02,3.30096e+15
3.69790e+02,3.30084e+15
3.69991e+02,3.30071e+15
3.70191e+02,3.30059e+15
3.70392e+02,3.30046e+15
3.70593e+02,3.30034e+15
3.70793e+02,3.30021e+15
3.70994e+02,3.30009e+15
3.71194e+02,3.29996e+15
3.71395e+02,3.29984e+15
3.71596e+02,3.29972e+15
3.71796e+02,3.29959e+15
3.71997e+02,3.29947e+15
3.72197e+02,3.29934e+15
3.72398e+02,3.29922e+15
3.72599e+02,3.29910e+15
3.72799e+02,3.29898e+15
3.73000e+02,3.29885e+15
3.73201e+02,3.29873e+15
3.73401e+02,3.29861e+15
3.73602e+02,3.29848e+15
3.73802e+02,3.29836e+15
3.74003e+02,3.29824e+15
3.74204e+02,3.29812e+15
3.74404e+02,3.29800e+15
3.74605e+02,3.29787e+15
3.74805e+02,3.29775e+15
3.75006e+02,3.29763e+15
3.75207e+02,3.29751e+15
3.75407e+02,3.29739e+15
3.75608e+02,3.29727e+15
3.75809e+02,3.29715e+15
3.76009e+02,3.29703e+15
3.76210e+02,3.29691e+15
3.76410e+02,3.29679e+15
3.76611e+02,3.29667e+15
3.76812e+02,3.29655e+15
3.77012e+02,3.29643e+15
3.77213e+02,3.29631e+15
3.77413e+02,3.29619e+15
3.77614e+02,3.29607e+15
3.77815e+02,3.29595e+15
3.78015e+02,3.29583e+15
3.78216e+02,3.29571e+15
3.78417e+02,3.29559e+15
3.78617e+02,3.29547e+15
3.78818e+02,3.29535e+15
3.79018e+02,3.29523e+15
3.79219e+02,3.29511e+15
3.79420e+02,3.29500e+15
3.79620e+02,3.29488e+15
3.79821e+02,3.29476e+15
3.80021e+02,3.29464e+15
3.80222e+02,3.29452e+15
3.80423e+02,3.29441e+15
3.80623e+02,3.29429e+15
3.80824e+02,3.29417e+15
3.81025e+02,3.29405e+15
3.81225e+02,3.29394e+15
3.81426e+02,3.29382e+15
3.81626e+02,3.29370e+15
3.81827e+02,3.29359e+15
3.82028e+02,3.29347e+15
3.82228e+02,3.29335e+15
3.82429e+02,3.29324e+15
3.82629e+02,3.29312e+15
3.82830e+02,3.29301e+15
3.83031e+02,3.29289e+15
3.83231e+02,3.29277e+15
3.83432e+02,3.29266e+15
3.83633e+02,3.29254e+15
3.83833e+02,3.29243e+15
3.84034e+02,3.29231e+15
3.84234e+02,3.29220e+15
3.84435e+02,3.29208e+15
3.84636e+02,3.29197e+15
3.84836e+02,3.29185e+15
3.85037e+02,3.29174e+15
3.85237e+02,3.29162e+15
3.85438e+02,3.29151e+15
3.85639e+02,3.29140e+15
3.85839e+02,3.29128e+15
3.86040e+02,3.29117e+15
3.86240e+02,3.29105e+15
3.86441e+02,3.29094e+15
3.86642e+02,3.29083e+15
3.86842e+02,3.29071e+15
3.87043e+02,3.29060e+15
3.87244e+02,3.29049e+15
3.87444e+02,3.29037e+15
3.87645e+02,3.29026e+15
3.87845e+02,3.29015e+15
3.88046e+02,3.29004e+15
3.88247e+02,3.28992e+15
3.88447e+02,3.28981e+15
3.88648e+02,3.28970e+15
3.88848e+02,3.28959e+15
3.89049e+02,3.28948e+15
3.89250e+02,3.28936e+15
3.89450e+02,3.28925e+15
3.89651e+02,3.28914e+15
3.89852e+02,3.28903e+15
3.90052e+02,3.28892e+15
3.90253e+02,3.28881e+15
3.90453e+02,3.28869e+15
3.90654e+02,3.28858e+15
3.90855e+02,3.28847e+15
3.91055e+02,3.28836e+15
3.91256e+02,3.28825e+15
3.91456e+02,3.28814e+15
3.91657e+02,3.28803e+15
3.91858e+02,3.28792e+15
3.92058e+02,3.28781e+15
3.92259e+02,3.28770e+15
3.92460e+02,3.28759e+15
3.92660e+02,3.28748e+15
3.92861e+02,3.28737e+15
3.93061e+02,3.28726e+15
3.93262e+02,3.28715e+15
3.93463e+02,3.28704e+15
3.93663e+02,3.28693e+15
3.93864e+02,3.28683e+15
3.94064e+02,3.28672e+15
3.94265e+02,3.28661e+15
3.94466e+02,3.28650e+15
3.94666e+02,3.28639e+15
3.94867e+02,3.28628e+15
3.95068e+02,3.28617e+15
3.95268e+02,3.28607e+15
3.95469e+02,3.28596e+15
3.95669e+02,3.28585e+15
3.95870e+02,3.28574e+15
3.96071e+02,3.28563e+15
3.96271e+02,3.28553e+15
3.96472e+02,3.28542e+15
3.96672e+02,3.28531e+15
3.96873e+02,3.28521e+15
3.97074e+02,3.28510e+15
3.97274e+02,3.28499e+15
3.97475e+02,3.28488e+15
3.97676e+02,3.28478e+15
3.97876e+02,3.28467e+15
3.98077e+02,3.28456e+15
3.98277e+02,3.28446e+15
3.98478e+02,3.28435e+15
3.98679e+02,3.28425e+15
3.98879e+02,3.28414e+15
3.99080e+02,3.28403e+15
3.99280e+02,3.28393e+15
3.99481e+02,3.28382e+15
3.99682e+02,3.28372e+15
3.99882e+02,3.28361e+15
4.00083e+02,3.28351e+15
4.00284e+02,3.28340e+15
4.00484e+02,3.28330e+15
4.00685e+02,3.28319e+15
4.00885e+02,3.28309e+15
4.01086e+02,3.28298e+15
4.01287e+02,3.28288e+15
4.01487e+02,3.28277e+15
4.01688e+02,3.28267e+15
4.01888e+02,3.28256e+15
4.02089e+02,3.28246e+15
4.02290e+02,3.28236e+15
4.02490e+02,3.28225e+15
4.02691e+02,3.28215e+15
4.02891e+02,3.28204e+15
4.03092e+02,3.28194e+15
4.03293e+02,3.28184e+15
4.03493e+02,3.28173e+15
4.03694e+02,3.28163e+15
4.03895e+02,3.28153e+15
4.04095e+02,3.28142e+15
4.04296e+02,3.28132e+15
4.04496e+02,3.28122e+15
4.04697e+02,3.28112e+15
4.04898e+02,3.28101e+15
4.05098e+02,3.28091e+15
4.05299e+02,3.28081e+15
4.05499e+02,3.28071e+15
4.05700e+02,3.28060e+15
4.05901e+02,3.28050e+15
4.06101e+02,3.28040e+15
4.06302e+02,3.28030e+15
4.06503e+02,3.28020e+15
4.06703e+02,3.28010e+15
4.06904e+02,3.27999e+15
4.07104e+02,3.27989e+15
4.07305e+02,3.27979e+15
4.07506e+02,3.27969e+15
4.07706e+02,3.27959e+15
4.07907e+02,3.27949e+15
4.08107e+02,3.27939e+15
4.08308e+02,3.27929e+15
4.08509e+02,3.27919e+15
4.08709e+02,3.27909e+15
4.08910e+02,3.27899e+15
4.09111e+02,3.27888e+15
4.09311e+02,3.27878e+15
4.09512e+02,3.27868e+15
4.09712e+02,3.27858e+15
4.09913e+02,3.27848e+15
4.10114e+02,3.27839e+15
4.10314e+02,3.27829e+15
4.10515e+02,3.27819e+15
4.10715e+02,3.27809e+15
4.10916e+02,3.27799e+15
4.11117e+02,3.27789e+15
4.11317e+02,3.27779e+15
4.11518e+02,3.27769e+15
4.11719e+02,3.27759e+15
4.11919e+02,3.27749e+15
4.12120e+02,3.27739e+15
4.12320e+02,3.27729e+15
4.12521e+02,3.27720e+15
4.12722e+02,3.27710e+15
4.12922e+02,3.27700e+15
4.13123e+02,3.27690e+15
4.13323e+02,3.27680e+15
4.13524e+02,3.27671e+15
4.13725e+02,3.27661e+15
4.13925e+02,3.27651e+15
4.14126e+02,3.27641e+15
4.14327e+02,3.27631e+15
4.14527e+02,3.27622e+15
4.14728e+02,3.27612e+15
4.14928e+02,3.27602e+15
4.15129e+02,3.27593e+15
4.15330e+02,3.27583e+15
4.15530e+02,3.27573e+15
4.15731e+02,3.27563e+15
4.15931e+02,3.27554e+15
4.16132e+02,3.27544e+15
4.16333e+02,3.27535e+15
4.16533e+02,3.27525e+15
4.16734e+02,3.27515e+15
4.16935e+02,3.27506e+15
4.17135e+02,3.27496e+15
4.17336e+02,3.27486e+15
4.17536e+02,3.27477e+15
4.17737e+02,3.27467e+15
4.17938e+02,3.27458e+15
4.18138e+02,3.27448e+15
4.18339e+02,3.27439e+15
4.18539e+02,3.27429e+15
4.18740e+02,3.27419e+15
4.18941e+02,3.27410e+15
4.19141e+02,3.27400e+15
4.19342e+02,3.27391e+15
4.19542e+02,3.27381e+15
4.19743e+02,3.27372e+15
4.19944e+02,3.27362e+15
4.20144e+02,3.27353e+15
4.20345e+02,3.27344e+15
4.20546e+02,3.27334e+15
4.20746e+02,3.27325e+15
4.20947e+02,3.27315e+15
4.21147e+02,3.27306e+15
4.21348e+02,3.27296e+15
4.21549e+02,3.27287e+15
4.21749e+02,3.27278e+15
4.21950e+02,3.27268e+15
4.22150e+02,3.27259e+15
4.22351e+02,3.27250e+15
4.22552e+02,3.27240e+15
4.22752e+02,3.27231e+15
4.22953e+02,3.27222e+15
4.23154e+02,3.27212e+15
4.23354e+02,3.27203e+15
4.23555e+02,3.27194e+15
4.23755e+02,3.27184e+15
4.23956e+02,3.27175e+15
4.24157e+02,3.27166e+15
4.24357e+02,3.27157e+15
4.24558e+02,3.27147e+15
4.24758e+02,3.27138e+15
4.24959e+02,3.27129e+15
4.25160e+02,3.27120e+15
4.25360e+02,3.27110e+15
4.25561e+02,3.27101e+15
4.25762e+02,3.27092e+15
4.25962e+02,3.27083e+15
4.26163e+02,3.27074e+15
4.26363e+02,3.27065e+15
4.26564e+02,3.27055e+15
4.26765e+02,3.27046e+15
4.26965e+02,3.27037e+15
4.27166e+02,3.27028e+15
4.27366e+02,3.27019e+15
4.27567e+02,3.27010e+15
4.27768e+02,3.27001e+15
4.27968e+02,3.26992e+15
4.28169e+02,3.26982e+15
4.28370e+02,3.26973e+15
4.28570e+02,3.26964e+15
4.28771e+02,3.26955e+15
4.28971e+02,3.26946e+15
4.29172e+02,3.26937e+15
4.29373e+02,3.26928e+15
4.29573e+02,3.26919e+15
4.29774e+02,3.26910e+15
4.29974e+02,3.26901e+15
4.30175e+02,3.26892e+15
4.30376e+02,3.26883e+15
4.30576e+02,3.26874e+15
4.30777e+02,3.26865e+15
4.30978e+02,3.26856e+15
4.31178e+02,3.26847e+15
4.31379e+02,3.26838e+15
4.31579e+02,3.26830e+15
4.31780e+02,3.26821e+15
4.31981e+02,3.26812e+15
4.32181e+02,3.26803e+15
4.32382e+02,3.26794e+15
4.32582e+02,3.26785e+15
4.32783e+02,3.26776e+15
4.32984e+02,3.26767e+15
4.33184e+02,3.26758e+15
4.33385e+02,3.26750e+15
4.33586e+02,3.26741e+15
4.33786e+02,3.26732e+15
4.33987e+02,3.26723e+15
4.34187e+02,3.26714e+15
4.34388e+02,3.26706e+15
4.34589e+02,3.26697e+15
4.34789e+02,3.26688e+15
4.34990e+02,3.26679e+15
4.35190e+02,3.26670e+15
4.35391e+02,3.26662e+15
4.35592e+02,3.26653e+15
4.35792e+02,3.26644e+15
4.35993e+02,3.26635e+15
4.36194e+02,3.26627e+15
4.36394e+02,3.26618e+15
4.36595e+02,3.26609e+15
4.36795e+02,3.26601e+15
4.36996e+02,3.26592e+15
4.37197e+02,3.26583e+15
4.37397e+02,3.26575e+15
4.37598e+02,3.26566e+15
4.37798e+02,3.26557e+15
4.37999e+02,3.26549e+15
4.38200e+02,3.26540e+15
4.38400e+02,3.26531e+15
4.38601e+02,3.26523e+15
4.38801e+02,3.26514e+15
4.39002e+02,3.26506e+15
4.39203e+02,3.26497e+15
4.39403e+02,3.26488e+15
4.39604e+02,3.26480e+15
4.39805e+02,3.26471e+15
4.40005e+02,3.26463e+15
4.40206e+02,3.26454e+15
4.40406e+02,3.26446e+15
4.40607e+02,3.26437e+15
4.40808e+02,3.26429e+15
4.41008e+02,3.26420e+15
4.41209e+02,3.26412e+15
4.41409e+02,3.26403e+15
4.41610e+02,3.26395e+15
4.41811e+02,3.26386e+15
4.42011e+02,3.26378e+15
4.42212e+02,3.26369e+15
4.42413e+02,3.26361e+15
4.42613e+02,3.26352e+15
4.42814e+02,3.26344e+15
4.43014e+02,3.26335e+15
4.43215e+02,3.26327e+15
4.43416e+02,3.26319e+15
4.43616e+02,3.26310e+15
4.43817e+02,3.26302e+15
4.44017e+02,3.26293e+15
4.44218e+02,3.26285e+15
4.44419e+02,3.26277e+15
4.44619e+02,3.26268e+15
4.44820e+02,3.26260e+15
4.45021e+02,3.26252e+15
4.45221e+02,3.26243e+15
4.45422e+02,3.26235e+15
4.45622e+02,3.26227e+15
4.45823e+02,3.26218e+15
4.46024e+02,3.26210e+15
4.46224e+02,3.26202e+15
4.46425e+02,3.26193e+15
4.46625e+02,3.26185e+15
4.46826e+02,3.26177e+15
4.47027e+02,3.26169e+15
4.47227e+02,3.26160e+15
4.47428e+02,3.26152e+15
4.47629e+02,3.26144e+15
4.47829e+02,3.26136e+15
4.48030e+02,3.26127e+15
4.48230e+02,3.26119e+15
4.48431e+02,3.26111e+15
4.48632e+02,3.26103e+15
4.48832e+02,3.26094e+15
4.49033e+02,3.26086e+15
4.49233e+02,3.26078e+15
4.49434e+02,3.26070e+15
4.49635e+02,3.26062e+15
4.49835e+02,3.26054e+15
4.50036e+02,3.26045e+15
4.50237e+02,3.26037e+15
4.50437e+02,3.26029e+15
4.50638e+02,3.26021e+15
4.50838e+02,3.26013e+15
4.51039e+02,3.26005e+15
4.51240e+02,3.25997e+15
4.51440e+02,3.25989e+15
4.51641e+02,3.25981e+15
4.51841e+02,3.25973e+15
4.52042e+02,3.25964e+15
4.52243e+02,3.25956e+15
4.52443e+02,3.25948e+15
4.52644e+02,3.25940e+15
4.52845e+02,3.25932e+15
4.53045e+02,3.25924e+15
4.53246e+02,3.25916e+15
4.53446e+02,3.25908e+15
4.53647e+02,3.25900e+15
4.53848e+02,3.25892e+15
4.54048e+02,3.25884e+15
4.54249e+02,3.25876e+15
4.54449e+02,3.25868e+15
4.54650e+02,3.25860e+15
4.54851e+02,3.25852e+15
4.55051e+02,3.25844e+15
4.55252e+02,3.25836e+15
4.55452e+02,3.25828e+15
4.55653e+02,3.25821e+15
4.55854e+02,3.25813e+15
4.56054e+02,3.25805e+15
4.56255e+02,3.25797e+15
4.56456e+02,3.25789e+15
4.56656e+02,3.25781e+15
4.56857e+02,3.25773e+15
4.57057e+02,3.25765e+15
4.57258e+02,3.25757e+15
4.57459e+02,3.25749e+15
4.57659e+02,3.25742e+15
4.57860e+02,3.25734e+15
4.58060e+02,3.25726e+15
4.58261e+02,3.25718e+15
4.58462e+02,3.25710e+15
4.58662e+02,3.25702e+15
4.58863e+02,3.25695e+15
4.59064e+02,3.25687e+15
4.59264e+02,3.25679e+15
4.59465e+02,3.25671e+15
4.59665e+02,3.25663e+15
4.59866e+02,3.25656e+15
4.60067e+02,3.25648e+15
4.60267e+02,3.25640e+15
4.60468e+02,3.25632e+15
4.60668e+02,3.25625e+15
4.60869e+02,3.25617e+15
4.61070e+02,3.25609e+15
4.61270e+02,3.25601e+15
4.61471e+02,3.25594e+15
4.61672e+02,3.25586e+15
4.61872e+02,3.25578e+15
4.62073e+02,3.25571e+15
4.62273e+02,3.25563e+15
4.62474e+02,3.25555e+15
4.62675e+02,3.25548e+15
4.62875e+02,3.25540e+15
4.63076e+02,3.25532e+15
4.63276e+02,3.25525e+15
4.63477e+02,3.25517e+15
4.63678e+02,3.25509e+15
4.63878e+02,3.25502e+15
4.64079e+02,3.25494e+15
4.64280e+02,3.25486e+15
4.64480e+02,3.25479e+15
4.64681e+02,3.25471e+15
4.64881e+02,3.25464e+15
4.65082e+02,3.25456e+15
4.65283e+02,3.25448e+15
4.65483e+02,3.25441e+15
4.65684e+02,3.25433e+15
4.65884e+02,3.25426e+15
4.66085e+02,3.25418e+15
4.66286e+02,3.25411e+15
4.66486e+02,3.25403e+15
4.66687e+02,3.25396e+15
4.66888e+02,3.25388e+15
4.67088e+02,3.25381e+15
4.67289e+02,3.25373e+15
4.67489e+02,3.25366e+15
4.67690e+02,3.25358e+15
4.67891e+02,3.25351e+15
4.68091e+02,3.25343e+15
4.68292e+02,3.25336e+15
4.68492e+02,3.25328e+15
4.68693e+02,3.25321e+15
4.68894e+02,3.25313e+15
4.69094e+02,3.25306e+15
4.69295e+02,3.25298e+15
4.69496e+02,3.25291e+15
4.69696e+02,3.25283e+15
4.69897e+02,3.25276e+15
4.70097e+02,3.25269e+15
4.70298e+02,3.25261e+15
4.70499e+02,3.25254e+15
4.70699e+02,3.25246e+15
4.70900e+02,3.25239e+15
4.71100e+02,3.25232e+15
4.71301e+02,3.25224e+15
4.71502e+02,3.25217e+15
4.71702e+02,3.25210e+15
4.71903e+02,3.25202e+15
4.72103e+02,3.25195e+15
4.72304e+02,3.25188e+15
4.72505e+02,3.25180e+15
4.72705e+02,3.25173e+15
4.72906e+02,3.25166e+15
4.73107e+02,3.25158e+15
4.73307e+02,3.25151e+15
4.73508e+02,3.25144e+15
4.73708e+02,3.25136e+15
4.73909e+02,3.25129e+15
4.74110e+02,3.25122e+15
4.74310e+02,3.25115e+15
4.74511e+02,3.25107e+15
4.74711e+02,3.25100e+15
4.74912e+02,3.25093e+15
4.75113e+02,3.25086e+15
4.75313e+02,3.25078e+15
4.75514e+02,3.25071e+15
4.75715e+02,3.25064e+15
4.75915e+02,3.25057e+15
4.76116e+02,3.25049e+15
4.76316e+02,3.25042e+15
4.76517e+02,3.25035e+15
4.76718e+02,3.25028e+15
4.76918e+02,3.25021e+15
4.77119e+02,3.25013e+15
4.77319e+02,3.25006e+15
4.77520e+02,3.24999e+15
4.77721e+02,3.24992e+15
4.77921e+02,3.24985e+15
4.78122e+02,3.24978e+15
4.78323e+02,3.24970e+15
4.78523e+02,3.24963e+15
4.78724e+02,3.24956e+15
4.78924e+02,3.24949e+15
4.79125e+02,3.24942e+15
4.79326e+02,3.24935e+15
4.79526e+02,3.24928e+15
4.79727e+02,3.24921e+15
4.79927e+02,3.24914e+15
4.80128e+02,3.24906e+15
4.80329e+02,3.24899e+15
4.80529e+02,3.24892e+15
4.80730e+02,3.24885e+15
4.80931e+02,3.24878e+15
4.81131e+02,3.24871e+15
4.81332e+02,3.24864e+15
4.81532e+02,3.24857e+15
4.81733e+02,3.24850e+15
4.81934e+02,3.24843e+15
4.82134e+02,3.24836e+15
4.82335e+02,3.24829e+15
4.82535e+02,3.24822e+15
4.82736e+02,3.24815e+15
4.82937e+02,3.24808e+15
4.83137e+02,3.24801e+15
4.83338e+02,3.24794e+15
4.83539e+02,3.24787e+15
4.83739e+02,3.24780e+15
4.83940e+02,3.24773e+15
4.84140e+02,3.24766e+15
4.84341e+02,3.24759e+15
4.84542e+02,3.24752e+15
4.84742e+02,3.24745e+15
4.84943e+02,3.24738e+15
4.85143e+02,3.24731e+15
4.85344e+02,3.24725e+15
4.85545e+02,3.24718e+15
4.85745e+02,3.24711e+15
4.85946e+02,3.24704e+15
4.86147e+02,3.24697e+15
4.86347e+02,3.24690e+15
4.86548e+02,3.24683e+15
4.86748e+02,3.24676e+15
4.86949e+02,3.24669e+15
4.87150e+02,3.24663e+15
4.87350e+02,3.24656e+15
4.87551e+02,3.24649e+15
4.87751e+02,3.24642e+15
4.87952e+02,3.24635e+15
4.88153e+02,3.24628e+15
4.88353e+02,3.24621e+15
4.88554e+02,3.24615e+15
4.88754e+02,3.24608e+15
4.88955e+02,3.24601e+15
4.89156e+02,3.24594e+15
4.89356e+02,3.24587e+15
4.89557e+02,3.24581e+15
4.89758e+02,3.24574e+15
4.89958e+02,3.24567e+15
4.90159e+02,3.24560e+15
4.90359e+02,3.24554e+15
4.90560e+02,3.24547e+15
4.90761e+02,3.24540e+15
4.90961e+02,3.24533e+15
4.91162e+02,3.24526e+15
4.91362e+02,3.24520e+15
4.91563e+02,3.24513e+15
4.91764e+02,3.24506e+15
4.91964e+02,3.24500e+15
4.92165e+02,3.24493e+15
4.92366e+02,3.24486e+15
4.92566e+02,3.24479e+15
4.92767e+02,3.24473e+15
4.92967e+02,3.24466e+15
4.93168e+02,3.24459e+15
4.93369e+02,3.24453e+15
4.93569e+02,3.24446e+15
4.93770e+02,3.24439e+15
4.93970e+02,3.24433e+15
4.94171e+02,3.24426e+15
4.94372e+02,3.24419e+15
4.94572e+02,3.24413e+15
4.94773e+02,3.24406e+15
4.94974e+02,3.24399e+15
4.95174e+02,3.24393e+15
4.95375e+02,3.24386e+15
4.95575e+02,3.24380e+15
4.95776e+02,3.24373e+15
4.95977e+02,3.24366e+15
4.96177e+02,3.24360e+15
4.96378e+02,3.24353e+15
4.96578e+02,3.24347e+15
4.96779e+02,3.24340e+15
4.96980e+02,3.24333e+15
4.97180e+02,3.24327e+15
4.97381e+02,3.24320e+15
4.97582e+02,3.24314e+15
4.97782e+02,3.24307e+15
4.97983e+02,3.24301e+15
4.98183e+02,3.24294e+15
4.98384e+02,3.24288e+15
4.98585e+02,3.24281e+15
4.98785e+02,3.24275e+15
4.98986e+02,3.24268e+15
4.99186e+02,3.24261e+15
4.99387e+02,3.24255e+15
4.99588e+02,3.24248e+15
4.99788e+02,3.24242e+15
4.99989e+02,3.24235e+15
5.90382e+01,3.09181e+15
