T,Teff
1.0000000e-02,9.0085254e-03
1.1000000e-02,9.9093780e-03
1.2000000e-02,1.0810231e-02
1.3000000e-02,1.1711083e-02
1.4000000e-02,1.2611936e-02
1.5000000e-02,1.3512788e-02
1.6000000e-02,1.4413641e-02
1.7000000e-02,1.5314493e-02
1.8000000e-02,1.6215346e-02
1.9000000e-02,1.7116199e-02
2.0000000e-02,1.8017051e-02
2.1000000e-02,1.8917904e-02
2.2000000e-02,1.9818756e-02
2.3000000e-02,2.0719609e-02
2.4000000e-02,2.1620461e-02
2.5000000e-02,2.2521314e-02
2.6000000e-02,2.3422166e-02
2.7000000e-02,2.4323019e-02
2.8000000e-02,2.5223872e-02
2.9000000e-02,2.6124724e-02
3.0000000e-02,2.7025577e-02
3.1000000e-02,2.7926429e-02
3.2000000e-02,2.8827282e-02
3.3000000e-02,2.9728134e-02
3.4000000e-02,3.0628987e-02
3.5000000e-02,3.1529839e-02
3.6000000e-02,3.2430692e-02
3.7000000e-02,3.3331545e-02
3.8000000e-02,3.4232397e-02
3.9000000e-02,3.5133250e-02
4.0000000e-02,3.6034102e-02
4.1000000e-02,3.6934955e-02
4.2000000e-02,3.7835807e-02
4.3000000e-02,3.8736660e-02
4.4000000e-02,3.9637512e-02
4.5000000e-02,4.0538365e-02
4.6000000e-02,4.1439218e-02
4.7000000e-02,4.2340070e-02
4.8000000e-02,4.3240923e-02
4.9000000e-02,4.4141775e-02
5.0000000e-02,4.5042628e-02
5.1000000e-02,4.5943480e-02
5.2000000e-02,4.6844333e-02
5.3000000e-02,4.7745185e-02
5.4000000e-02,4.8646038e-02
5.5000000e-02,4.9546891e-02
5.6000000e-02,5.0447743e-02
5.7000000e-02,5.1348596e-02
5.8000000e-02,5.2249448e-02
5.9000000e-02,5.3150301e-02
6.0000000e-02,5.4051153e-02
6.1000000e-02,5.4952006e-02
6.2000000e-02,5.5852858e-02
6.3000000e-02,5.6753711e-02
6.4000000e-02,5.7654564e-02
6.5000000e-02,5.8555416e-02
6.6000000e-02,5.9456269e-02
6.7000000e-02,6.0357121e-02
6.8000000e-02,6.1257974e-02
6.9000000e-02,6.2158826e-02
7.0000000e-02,6.3059679e-02
7.1000000e-02,6.3960532e-02
7.2000000e-02,6.4861384e-02
7.3000000e-02,6.5762237e-02
7.4000000e-02,6.6663089e-02
7.5000000e-02,6.7563942e-02
7.6000000e-02,6.8464794e-02
7.7000000e-02,6.9365647e-02
7.8000000e-02,7.0266499e-02
7.9000000e-02,7.1167352e-02
8.0000000e-02,7.2068205e-02
8.1000000e-02,7.2969057e-02
8.2000000e-02,7.3869910e-02
8.3000000e-02,7.4770762e-02
8.4000000e-02,7.5671615e-02
8.5000000e-02,7.6572467e-02
8.6000000e-02,7.7473320e-02
8.7000000e-02,7.8374172e-02
8.8000000e-02,7.9275025e-02
8.9000000e-02,8.0175878e-02
9.0000000e-02,8.1076730e-02
9.1000000e-02,8.1977583e-02
9.2000000e-02,8.2878435e-02
9.3000000e-02,8.3779288e-02
9.4000000e-02,8.4680140e-02
9.5000000e-02,8.5580993e-02
9.6000000e-02,8.6481845e-02
9.7000000e-02,8.7382698e-02
9.8000000e-02,8.8283551e-02
9.9000000e-02,8.9184403e-02
1.0000000e-01,9.0085256e-02
1.0100000e-01,9.0986108e-02
1.0200000e-01,9.1886961e-02
1.0300000e-01,9.2787813e-02
1.0400000e-01,9.3688666e-02
1.0500000e-01,9.4589518e-02
1.0600000e-01,9.5490371e-02
1.0700000e-01,9.6391224e-02
1.0800000e-01,9.7292076e-02
1.0900000e-01,9.8192929e-02
1.1000000e-01,9.9093781e-02
1.1100000e-01,9.9994634e-02
1.1200000e-01,1.0089549e-01
1.1300000e-01,1.0179634e-01
1.1400000e-01,1.0269719e-01
1.1500000e-01,1.0359804e-01
1.1600000e-01,1.0449890e-01
1.1700000e-01,1.0539975e-01
1.1800000e-01,1.0630060e-01
1.1900000e-01,1.0720145e-01
1.2000000e-01,1.0810231e-01
1.2100000e-01,1.0900316e-01
1.2200000e-01,1.0990401e-01
1.2300000e-01,1.1080486e-01
1.2400000e-01,1.1170572e-01
1.2500000e-01,1.1260657e-01
1.2600000e-01,1.1350742e-01
1.2700000e-01,1.1440827e-01
1.2800000e-01,1.1530913e-01
1.2900000e-01,1.1620998e-01
1.3000000e-01,1.1711083e-01
1.3100000e-01,1.1801168e-01
1.3200000e-01,1.1891254e-01
1.3300000e-01,1.1981339e-01
1.3400000e-01,1.2071424e-01
1.3500000e-01,1.2161510e-01
1.3600000e-01,1.2251595e-01
1.3700000e-01,1.2341680e-01
1.3800000e-01,1.2431765e-01
1.3900000e-01,1.2521851e-01
1.4000000e-01,1.2611936e-01
1.4100000e-01,1.2702021e-01
1.4200000e-01,1.2792106e-01
1.4300000e-01,1.2882192e-01
1.4400000e-01,1.2972277e-01
1.4500000e-01,1.3062362e-01
1.4600000e-01,1.3152447e-01
1.4700000e-01,1.3242533e-01
1.4800000e-01,1.3332618e-01
1.4900000e-01,1.3422703e-01
1.5000000e-01,1.3512788e-01
1.5100000e-01,1.3602874e-01
1.5200000e-01,1.3692959e-01
1.5300000e-01,1.3783044e-01
1.5400000e-01,1.3873129e-01
1.5500000e-01,1.3963215e-01
1.5600000e-01,1.4053300e-01
1.5700000e-01,1.4143385e-01
1.5800000e-01,1.4233470e-01
1.5900000e-01,1.4323556e-01
1.6000000e-01,1.4413641e-01
1.6100000e-01,1.4503726e-01
1.6200000e-01,1.4593811e-01
1.6300000e-01,1.4683897e-01
1.6400000e-01,1.4773982e-01
1.6500000e-01,1.4864067e-01
1.6600000e-01,1.4954152e-01
1.6700000e-01,1.5044238e-01
1.6800000e-01,1.5134323e-01
1.6900000e-01,1.5224408e-01
1.7000000e-01,1.5314493e-01
1.7100000e-01,1.5404579e-01
1.7200000e-01,1.5494664e-01
1.7300000e-01,1.5584749e-01
1.7400000e-01,1.5674834e-01
1.7500000e-01,1.5764920e-01
1.7600000e-01,1.5855005e-01
1.7700000e-01,1.5945090e-01
1.7800000e-01,1.6035176e-01
1.7900000e-01,1.6125261e-01
1.8000000e-01,1.6215346e-01
1.8100000e-01,1.6305431e-01
1.8200000e-01,1.6395517e-01
1.8300000e-01,1.6485602e-01
1.8400000e-01,1.6575687e-01
1.8500000e-01,1.6665772e-01
1.8600000e-01,1.6755858e-01
1.8700000e-01,1.6845943e-01
1.8800000e-01,1.6936028e-01
1.8900000e-01,1.7026113e-01
1.9000000e-01,1.7116199e-01
1.9100000e-01,1.7206284e-01
1.9200000e-01,1.7296369e-01
1.9300000e-01,1.7386454e-01
1.9400000e-01,1.7476540e-01
1.9500000e-01,1.7566625e-01
1.9600000e-01,1.7656710e-01
1.9700000e-01,1.7746795e-01
1.9800000e-01,1.7836881e-01
1.9900000e-01,1.7926966e-01
2.0000000e-01,1.8017051e-01
2.0100000e-01,1.8107136e-01
2.0200000e-01,1.8197222e-01
2.0300000e-01,1.8287307e-01
2.0400000e-01,1.8377392e-01
2.0500000e-01,1.8467477e-01
2.0600000e-01,1.8557563e-01
2.0700000e-01,1.8647648e-01
2.0800000e-01,1.8737733e-01
2.0900000e-01,1.8827818e-01
2.1000000e-01,1.8917904e-01
2.1100000e-01,1.9007989e-01
2.1200000e-01,1.9098074e-01
2.1300000e-01,1.9188159e-01
2.1400000e-01,1.9278245e-01
2.1500000e-01,1.9368330e-01
2.1600000e-01,1.9458415e-01
2.1700000e-01,1.9548500e-01
2.1800000e-01,1.9638586e-01
2.1900000e-01,1.9728671e-01
2.2000000e-01,1.9818756e-01
2.2100000e-01,1.9908841e-01
2.2200000e-01,1.9998927e-01
2.2300000e-01,2.0089012e-01
2.2400000e-01,2.0179097e-01
2.2500000e-01,2.0269183e-01
2.2600000e-01,2.0359268e-01
2.2700000e-01,2.0449353e-01
2.2800000e-01,2.0539438e-01
2.2900000e-01,2.0629524e-01
2.3000000e-01,2.0719609e-01
2.3100000e-01,2.0809694e-01
2.3200000e-01,2.0899779e-01
2.3300000e-01,2.0989865e-01
2.3400000e-01,2.1079950e-01
2.3500000e-01,2.1170035e-01
2.3600000e-01,2.1260120e-01
2.3700000e-01,2.1350206e-01
2.3800000e-01,2.1440291e-01
2.3900000e-01,2.1530376e-01
2.4000000e-01,2.1620461e-01
2.4100000e-01,2.1710547e-01
2.4200000e-01,2.1800632e-01
2.4300000e-01,2.1890717e-01
2.4400000e-01,2.1980802e-01
2.4500000e-01,2.2070888e-01
2.4600000e-01,2.2160973e-01
2.4700000e-01,2.2251058e-01
2.4800000e-01,2.2341143e-01
2.4900000e-01,2.2431229e-01
2.5000000e-01,2.2521314e-01
2.5100000e-01,2.2611399e-01
2.5200000e-01,2.2701484e-01
2.5300000e-01,2.2791570e-01
2.5400000e-01,2.2881655e-01
2.5500000e-01,2.2971740e-01
2.5600000e-01,2.3061825e-01
2.5700000e-01,2.3151911e-01
2.5800000e-01,2.3241996e-01
2.5900000e-01,2.3332081e-01
2.6000000e-01,2.3422166e-01
2.6100000e-01,2.3512252e-01
2.6200000e-01,2.3602337e-01
2.6300000e-01,2.3692422e-01
2.6400000e-01,2.3782507e-01
2.6500000e-01,2.3872593e-01
2.6600000e-01,2.3962678e-01
2.6700000e-01,2.4052763e-01
2.6800000e-01,2.4142849e-01
2.6900000e-01,2.4232934e-01
2.7000000e-01,2.4323019e-01
2.7100000e-01,2.4413104e-01
2.7200000e-01,2.4503190e-01
2.7300000e-01,2.4593275e-01
2.7400000e-01,2.4683360e-01
2.7500000e-01,2.4773445e-01
2.7600000e-01,2.4863531e-01
2.7700000e-01,2.4953616e-01
2.7800000e-01,2.5043701e-01
2.7900000e-01,2.5133786e-01
2.8000000e-01,2.5223872e-01
2.8100000e-01,2.5313957e-01
2.8200000e-01,2.5404042e-01
2.8300000e-01,2.5494127e-01
2.8400000e-01,2.5584213e-01
2.8500000e-01,2.5674298e-01
2.8600000e-01,2.5764383e-01
2.8700000e-01,2.5854468e-01
2.8800000e-01,2.5944554e-01
2.8900000e-01,2.6034639e-01
2.9000000e-01,2.6124724e-01
2.9100000e-01,2.6214809e-01
2.9200000e-01,2.6304895e-01
2.9300000e-01,2.6394980e-01
2.9400000e-01,2.6485065e-01
2.9500000e-01,2.6575150e-01
2.9600000e-01,2.6665236e-01
2.9700000e-01,2.6755321e-01
2.9800000e-01,2.6845406e-01
2.9900000e-01,2.6935491e-01
3.0000000e-01,2.7025577e-01
3.0100000e-01,2.7115662e-01
3.0200000e-01,2.7205747e-01
3.0300000e-01,2.7295832e-01
3.0400000e-01,2.7385918e-01
3.0500000e-01,2.7476003e-01
3.0600000e-01,2.7566088e-01
3.0700000e-01,2.7656173e-01
3.0800000e-01,2.7746259e-01
3.0900000e-01,2.7836344e-01
3.1000000e-01,2.7926429e-01
3.1100000e-01,2.8016515e-01
3.1200000e-01,2.8106600e-01
3.1300000e-01,2.8196685e-01
3.1400000e-01,2.8286770e-01
3.1500000e-01,2.8376856e-01
3.1600000e-01,2.8466941e-01
3.1700000e-01,2.8557026e-01
3.1800000e-01,2.8647111e-01
3.1900000e-01,2.8737197e-01
3.2000000e-01,2.8827282e-01
3.2100000e-01,2.8917367e-01
3.2200000e-01,2.9007452e-01
3.2300000e-01,2.9097538e-01
3.2400000e-01,2.9187623e-01
3.2500000e-01,2.9277708e-01
3.2600000e-01,2.9367793e-01
3.2700000e-01,2.9457879e-01
3.2800000e-01,2.9547964e-01
3.2900000e-01,2.9638049e-01
3.3000000e-01,2.9728134e-01
3.3100000e-01,2.9818220e-01
3.3200000e-01,2.9908305e-01
3.3300000e-01,2.9998390e-01
3.3400000e-01,3.0088475e-01
3.3500000e-01,3.0178561e-01
3.3600000e-01,3.0268646e-01
3.3700000e-01,3.0358731e-01
3.3800000e-01,3.0448816e-01
3.3900000e-01,3.0538902e-01
3.4000000e-01,3.0628987e-01
3.4100000e-01,3.0719072e-01
3.4200000e-01,3.0809157e-01
3.4300000e-01,3.0899243e-01
3.4400000e-01,3.0989328e-01
3.4500000e-01,3.1079413e-01
3.4600000e-01,3.1169498e-01
3.4700000e-01,3.1259584e-01
3.4800000e-01,3.1349669e-01
3.4900000e-01,3.1439754e-01
3.5000000e-01,3.1529839e-01
3.5100000e-01,3.1619925e-01
3.5200000e-01,3.1710010e-01
3.5300000e-01,3.1800095e-01
3.5400000e-01,3.1890180e-01
3.5500000e-01,3.1980266e-01
3.5600000e-01,3.2070351e-01
3.5700000e-01,3.2160436e-01
3.5800000e-01,3.2250522e-01
3.5900000e-01,3.2340607e-01
3.6000000e-01,3.2430692e-01
3.6100000e-01,3.2520777e-01
3.6200000e-01,3.2610863e-01
3.6300000e-01,3.2700948e-01
3.6400000e-01,3.2791033e-01
3.6500000e-01,3.2881118e-01
3.6600000e-01,3.2971204e-01
3.6700000e-01,3.3061289e-01
3.6800000e-01,3.3151374e-01
3.6900000e-01,3.3241459e-01
3.7000000e-01,3.3331545e-01
3.7100000e-01,3.3421630e-01
3.7200000e-01,3.3511715e-01
3.7300000e-01,3.3601800e-01
3.7400000e-01,3.3691886e-01
3.7500000e-01,3.3781971e-01
3.7600000e-01,3.3872056e-01
3.7700000e-01,3.3962141e-01
3.7800000e-01,3.4052227e-01
3.7900000e-01,3.4142312e-01
3.8000000e-01,3.4232397e-01
3.8100000e-01,3.4322482e-01
3.8200000e-01,3.4412568e-01
3.8300000e-01,3.4502653e-01
3.8400000e-01,3.4592738e-01
3.8500000e-01,3.4682823e-01
3.8600000e-01,3.4772909e-01
3.8700000e-01,3.4862994e-01
3.8800000e-01,3.4953079e-01
3.8900000e-01,3.5043164e-01
3.9000000e-01,3.5133250e-01
3.9100000e-01,3.5223335e-01
3.9200000e-01,3.5313420e-01
3.9300000e-01,3.5403505e-01
3.9400000e-01,3.5493591e-01
3.9500000e-01,3.5583676e-01
3.9600000e-01,3.5673761e-01
3.9700000e-01,3.5763846e-01
3.9800000e-01,3.5853932e-01
3.9900000e-01,3.5944017e-01
4.0000000e-01,3.6034102e-01
4.0100000e-01,3.6124188e-01
4.0200000e-01,3.6214273e-01
4.0300000e-01,3.6304358e-01
4.0400000e-01,3.6394443e-01
4.0500000e-01,3.6484529e-01
4.0600000e-01,3.6574614e-01
4.0700000e-01,3.6664699e-01
4.0800000e-01,3.6754784e-01
4.0900000e-01,3.6844870e-01
4.1000000e-01,3.6934955e-01
4.1100000e-01,3.7025040e-01
4.1200000e-01,3.7115125e-01
4.1300000e-01,3.7205211e-01
4.1400000e-01,3.7295296e-01
4.1500000e-01,3.7385381e-01
4.1600000e-01,3.7475466e-01
4.1700000e-01,3.7565552e-01
4.1800000e-01,3.7655637e-01
4.1900000e-01,3.7745722e-01
4.2000000e-01,3.7835807e-01
4.2100000e-01,3.7925893e-01
4.2200000e-01,3.8015978e-01
4.2300000e-01,3.8106063e-01
4.2400000e-01,3.8196148e-01
4.2500000e-01,3.8286234e-01
4.2600000e-01,3.8376319e-01
4.2700000e-01,3.8466404e-01
4.2800000e-01,3.8556489e-01
4.2900000e-01,3.8646575e-01
4.3000000e-01,3.8736660e-01
4.3100000e-01,3.8826745e-01
4.3200000e-01,3.8916830e-01
4.3300000e-01,3.9006916e-01
4.3400000e-01,3.9097001e-01
4.3500000e-01,3.9187086e-01
4.3600000e-01,3.9277171e-01
4.3700000e-01,3.9367257e-01
4.3800000e-01,3.9457342e-01
4.3900000e-01,3.9547427e-01
4.4000000e-01,3.9637512e-01
4.4100000e-01,3.9727598e-01
4.4200000e-01,3.9817683e-01
4.4300000e-01,3.9907768e-01
4.4400000e-01,3.9997854e-01
4.4500000e-01,4.0087939e-01
4.4600000e-01,4.0178024e-01
4.4700000e-01,4.0268109e-01
4.4800000e-01,4.0358195e-01
4.4900000e-01,4.0448280e-01
4.5000000e-01,4.0538365e-01
4.5100000e-01,4.0628450e-01
4.5200000e-01,4.0718536e-01
4.5300000e-01,4.0808621e-01
4.5400000e-01,4.0898706e-01
4.5500000e-01,4.0988791e-01
4.5600000e-01,4.1078877e-01
4.5700000e-01,4.1168962e-01
4.5800000e-01,4.1259047e-01
4.5900000e-01,4.1349132e-01
4.6000000e-01,4.1439218e-01
4.6100000e-01,4.1529303e-01
4.6200000e-01,4.1619388e-01
4.6300000e-01,4.1709473e-01
4.6400000e-01,4.1799559e-01
4.6500000e-01,4.1889644e-01
4.6600000e-01,4.1979729e-01
4.6700000e-01,4.2069814e-01
4.6800000e-01,4.2159900e-01
4.6900000e-01,4.2249985e-01
4.7000000e-01,4.2340070e-01
4.7100000e-01,4.2430155e-01
4.7200000e-01,4.2520241e-01
4.7300000e-01,4.2610326e-01
4.7400000e-01,4.2700411e-01
4.7500000e-01,4.2790496e-01
4.7600000e-01,4.2880582e-01
4.7700000e-01,4.2970667e-01
4.7800000e-01,4.3060752e-01
4.7900000e-01,4.3150837e-01
4.8000000e-01,4.3240923e-01
4.8100000e-01,4.3331008e-01
4.8200000e-01,4.3421093e-01
4.8300000e-01,4.3511178e-01
4.8400000e-01,4.3601264e-01
4.8500000e-01,4.3691349e-01
4.8600000e-01,4.3781434e-01
4.8700000e-01,4.3871519e-01
4.8800000e-01,4.3961605e-01
4.8900000e-01,4.4051690e-01
4.9000000e-01,4.4141775e-01
4.9100000e-01,4.4231861e-01
4.9200000e-01,4.4321946e-01
4.9300000e-01,4.4412031e-01
4.9400000e-01,4.4502116e-01
4.9500000e-01,4.4592202e-01
4.9600000e-01,4.4682287e-01
4.9700000e-01,4.4772372e-01
4.9800000e-01,4.4862457e-01
4.9900000e-01,4.4952543e-01
5.0000000e-01,4.5042628e-01
5.0100000e-01,4.5132713e-01
5.0200000e-01,4.5222798e-01
5.0300000e-01,4.5312884e-01
5.0400000e-01,4.5402969e-01
5.0500000e-01,4.5493054e-01
5.0600000e-01,4.5583139e-01
5.0700000e-01,4.5673225e-01
5.0800000e-01,4.5763310e-01
5.0900000e-01,4.5853395e-01
5.1000000e-01,4.5943480e-01
5.1100000e-01,4.6033566e-01
5.1200000e-01,4.6123651e-01
5.1300000e-01,4.6213736e-01
5.1400000e-01,4.6303821e-01
5.1500000e-01,4.6393907e-01
5.1600000e-01,4.6483992e-01
5.1700000e-01,4.6574077e-01
5.1800000e-01,4.6664162e-01
5.1900000e-01,4.6754248e-01
5.2000000e-01,4.6844333e-01
5.2100000e-01,4.6934418e-01
5.2200000e-01,4.7024503e-01
5.2300000e-01,4.7114589e-01
5.2400000e-01,4.7204674e-01
5.2500000e-01,4.7294759e-01
5.2600000e-01,4.7384844e-01
5.2700000e-01,4.7474930e-01
5.2800000e-01,4.7565015e-01
5.2900000e-01,4.7655100e-01
5.3000000e-01,4.7745185e-01
5.3100000e-01,4.7835271e-01
5.3200000e-01,4.7925356e-01
5.3300000e-01,4.8015441e-01
5.3400000e-01,4.8105527e-01
5.3500000e-01,4.8195612e-01
5.3600000e-01,4.8285697e-01
5.3700000e-01,4.8375782e-01
5.3800000e-01,4.8465868e-01
5.3900000e-01,4.8555953e-01
5.4000000e-01,4.8646038e-01
5.4100000e-01,4.8736123e-01
5.4200000e-01,4.8826209e-01
5.4300000e-01,4.8916294e-01
5.4400000e-01,4.9006379e-01
5.4500000e-01,4.9096464e-01
5.4600000e-01,4.9186550e-01
5.4700000e-01,4.9276635e-01
5.4800000e-01,4.9366720e-01
5.4900000e-01,4.9456805e-01
5.5000000e-01,4.9546891e-01
5.5100000e-01,4.9636976e-01
5.5200000e-01,4.9727061e-01
5.5300000e-01,4.9817146e-01
5.5400000e-01,4.9907232e-01
5.5500000e-01,4.9997317e-01
5.5600000e-01,5.0087402e-01
5.5700000e-01,5.0177487e-01
5.5800000e-01,5.0267573e-01
5.5900000e-01,5.0357658e-01
5.6000000e-01,5.0447743e-01
5.6100000e-01,5.0537828e-01
5.6200000e-01,5.0627914e-01
5.6300000e-01,5.0717999e-01
5.6400000e-01,5.0808084e-01
5.6500000e-01,5.0898169e-01
5.6600000e-01,5.0988255e-01
5.6700000e-01,5.1078340e-01
5.6800000e-01,5.1168425e-01
5.6900000e-01,5.1258510e-01
5.7000000e-01,5.1348596e-01
5.7100000e-01,5.1438681e-01
5.7200000e-01,5.1528766e-01
5.7300000e-01,5.1618851e-01
5.7400000e-01,5.1708937e-01
5.7500000e-01,5.1799022e-01
5.7600000e-01,5.1889107e-01
5.7700000e-01,5.1979193e-01
5.7800000e-01,5.2069278e-01
5.7900000e-01,5.2159363e-01
5.8000000e-01,5.2249448e-01
5.8100000e-01,5.2339534e-01
5.8200000e-01,5.2429619e-01
5.8300000e-01,5.2519704e-01
5.8400000e-01,5.2609789e-01
5.8500000e-01,5.2699875e-01
5.8600000e-01,5.2789960e-01
5.8700000e-01,5.2880045e-01
5.8800000e-01,5.2970130e-01
5.8900000e-01,5.3060216e-01
5.9000000e-01,5.3150301e-01
5.9100000e-01,5.3240386e-01
5.9200000e-01,5.3330471e-01
5.9300000e-01,5.3420557e-01
5.9400000e-01,5.3510642e-01
5.9500000e-01,5.3600727e-01
5.9600000e-01,5.3690812e-01
5.9700000e-01,5.3780898e-01
5.9800000e-01,5.3870983e-01
5.9900000e-01,5.3961068e-01
6.0000000e-01,5.4051153e-01
6.0100000e-01,5.4141239e-01
6.0200000e-01,5.4231324e-01
6.0300000e-01,5.4321409e-01
6.0400000e-01,5.4411494e-01
6.0500000e-01,5.4501580e-01
6.0600000e-01,5.4591665e-01
6.0700000e-01,5.4681750e-01
6.0800000e-01,5.4771835e-01
6.0900000e-01,5.4861921e-01
6.1000000e-01,5.4952006e-01
6.1100000e-01,5.5042091e-01
6.1200000e-01,5.5132176e-01
6.1300000e-01,5.5222262e-01
6.1400000e-01,5.5312347e-01
6.1500000e-01,5.5402432e-01
6.1600000e-01,5.5492517e-01
6.1700000e-01,5.5582603e-01
6.1800000e-01,5.5672688e-01
6.1900000e-01,5.5762773e-01
6.2000000e-01,5.5852859e-01
6.2100000e-01,5.5942944e-01
6.2200000e-01,5.6033029e-01
6.2300000e-01,5.6123114e-01
6.2400000e-01,5.6213200e-01
6.2500000e-01,5.6303285e-01
6.2600000e-01,5.6393370e-01
6.2700000e-01,5.6483455e-01
6.2800000e-01,5.6573541e-01
6.2900000e-01,5.6663626e-01
6.3000000e-01,5.6753711e-01
6.3100000e-01,5.6843796e-01
6.3200000e-01,5.6933882e-01
6.3300000e-01,5.7023967e-01
6.3400000e-01,5.7114052e-01
6.3500000e-01,5.7204137e-01
6.3600000e-01,5.7294223e-01
6.3700000e-01,5.7384308e-01
6.3800000e-01,5.7474393e-01
6.3900000e-01,5.7564478e-01
6.4000000e-01,5.7654564e-01
6.4100000e-01,5.7744649e-01
6.4200000e-01,5.7834734e-01
6.4300000e-01,5.7924819e-01
6.4400000e-01,5.8014905e-01
6.4500000e-01,5.8104990e-01
6.4600000e-01,5.8195075e-01
6.4700000e-01,5.8285160e-01
6.4800000e-01,5.8375246e-01
6.4900000e-01,5.8465331e-01
6.5000000e-01,5.8555416e-01
6.5100000e-01,5.8645501e-01
6.5200000e-01,5.8735587e-01
6.5300000e-01,5.8825672e-01
6.5400000e-01,5.8915757e-01
6.5500000e-01,5.9005842e-01
6.5600000e-01,5.9095928e-01
6.5700000e-01,5.9186013e-01
6.5800000e-01,5.9276098e-01
6.5900000e-01,5.9366183e-01
6.6000000e-01,5.9456269e-01
6.6100000e-01,5.9546354e-01
6.6200000e-01,5.9636439e-01
6.6300000e-01,5.9726524e-01
6.6400000e-01,5.9816610e-01
6.6500000e-01,5.9906695e-01
6.6600000e-01,5.9996780e-01
6.6700000e-01,6.0086866e-01
6.6800000e-01,6.0176951e-01
6.6900000e-01,6.0267036e-01
6.7000000e-01,6.0357121e-01
6.7100000e-01,6.0447207e-01
6.7200000e-01,6.0537292e-01
6.7300000e-01,6.0627377e-01
6.7400000e-01,6.0717462e-01
6.7500000e-01,6.0807548e-01
6.7600000e-01,6.0897633e-01
6.7700000e-01,6.0987718e-01
6.7800000e-01,6.1077803e-01
6.7900000e-01,6.1167889e-01
6.8000000e-01,6.1257974e-01
6.8100000e-01,6.1348059e-01
6.8200000e-01,6.1438144e-01
6.8300000e-01,6.1528230e-01
6.8400000e-01,6.1618315e-01
6.8500000e-01,6.1708400e-01
6.8600000e-01,6.1798485e-01
6.8700000e-01,6.1888571e-01
6.8800000e-01,6.1978656e-01
6.8900000e-01,6.2068741e-01
6.9000000e-01,6.2158826e-01
6.9100000e-01,6.2248912e-01
6.9200000e-01,6.2338997e-01
6.9300000e-01,6.2429082e-01
6.9400000e-01,6.2519167e-01
6.9500000e-01,6.2609253e-01
6.9600000e-01,6.2699338e-01
6.9700000e-01,6.2789423e-01
6.9800000e-01,6.2879508e-01
6.9900000e-01,6.2969594e-01
7.0000000e-01,6.3059679e-01
7.0100000e-01,6.3149764e-01
7.0200000e-01,6.3239849e-01
7.0300000e-01,6.3329935e-01
7.0400000e-01,6.3420020e-01
7.0500000e-01,6.3510105e-01
7.0600000e-01,6.3600190e-01
7.0700000e-01,6.3690276e-01
7.0800000e-01,6.3780361e-01
7.0900000e-01,6.3870446e-01
7.1000000e-01,6.3960532e-01
7.1100000e-01,6.4050617e-01
7.1200000e-01,6.4140702e-01
7.1300000e-01,6.4230787e-01
7.1400000e-01,6.4320873e-01
7.1500000e-01,6.4410958e-01
7.1600000e-01,6.4501043e-01
7.1700000e-01,6.4591128e-01
7.1800000e-01,6.4681214e-01
7.1900000e-01,6.4771299e-01
7.2000000e-01,6.4861384e-01
7.2100000e-01,6.4951469e-01
7.2200000e-01,6.5041555e-01
7.2300000e-01,6.5131640e-01
7.2400000e-01,6.5221725e-01
7.2500000e-01,6.5311810e-01
7.2600000e-01,6.5401896e-01
7.2700000e-01,6.5491981e-01
7.2800000e-01,6.5582066e-01
7.2900000e-01,6.5672151e-01
7.3000000e-01,6.5762237e-01
7.3100000e-01,6.5852322e-01
7.3200000e-01,6.5942407e-01
7.3300000e-01,6.6032492e-01
7.3400000e-01,6.6122578e-01
7.3500000e-01,6.6212663e-01
7.3600000e-01,6.6302748e-01
7.3700000e-01,6.6392833e-01
7.3800000e-01,6.6482919e-01
7.3900000e-01,6.6573004e-01
7.4000000e-01,6.6663089e-01
7.4100000e-01,6.6753174e-01
7.4200000e-01,6.6843260e-01
7.4300000e-01,6.6933345e-01
7.4400000e-01,6.7023430e-01
7.4500000e-01,6.7113515e-01
7.4600000e-01,6.7203601e-01
7.4700000e-01,6.7293686e-01
7.4800000e-01,6.7383771e-01
7.4900000e-01,6.7473856e-01
7.5000000e-01,6.7563942e-01
7.5100000e-01,6.7654027e-01
7.5200000e-01,6.7744112e-01
7.5300000e-01,6.7834198e-01
7.5400000e-01,6.7924283e-01
7.5500000e-01,6.8014368e-01
7.5600000e-01,6.8104453e-01
7.5700000e-01,6.8194539e-01
7.5800000e-01,6.8284624e-01
7.5900000e-01,6.8374709e-01
7.6000000e-01,6.8464794e-01
7.6100000e-01,6.8554880e-01
7.6200000e-01,6.8644965e-01
7.6300000e-01,6.8735050e-01
7.6400000e-01,6.8825135e-01
7.6500000e-01,6.8915221e-01
7.6600000e-01,6.9005306e-01
7.6700000e-01,6.9095391e-01
7.6800000e-01,6.9185476e-01
7.6900000e-01,6.9275562e-01
7.7000000e-01,6.9365647e-01
7.7100000e-01,6.9455732e-01
7.7200000e-01,6.9545817e-01
7.7300000e-01,6.9635903e-01
7.7400000e-01,6.9725988e-01
7.7500000e-01,6.9816073e-01
7.7600000e-01,6.9906158e-01
7.7700000e-01,6.9996244e-01
7.7800000e-01,7.0086329e-01
7.7900000e-01,7.0176414e-01
7.8000000e-01,7.0266499e-01
7.8100000e-01,7.0356585e-01
7.8200000e-01,7.0446670e-01
7.8300000e-01,7.0536755e-01
7.8400000e-01,7.0626840e-01
7.8500000e-01,7.0716926e-01
7.8600000e-01,7.0807011e-01
7.8700000e-01,7.0897096e-01
7.8800000e-01,7.0987181e-01
7.8900000e-01,7.1077267e-01
7.9000000e-01,7.1167352e-01
7.9100000e-01,7.1257437e-01
7.9200000e-01,7.1347522e-01
7.9300000e-01,7.1437608e-01
7.9400000e-01,7.1527693e-01
7.9500000e-01,7.1617778e-01
7.9600000e-01,7.1707863e-01
7.9700000e-01,7.1797949e-01
7.9800000e-01,7.1888034e-01
7.9900000e-01,7.1978119e-01
8.0000000e-01,7.2068205e-01
8.0100000e-01,7.2158290e-01
8.0200000e-01,7.2248375e-01
8.0300000e-01,7.2338460e-01
8.0400000e-01,7.2428546e-01
8.0500000e-01,7.2518631e-01
8.0600000e-01,7.2608716e-01
8.0700000e-01,7.2698801e-01
8.0800000e-01,7.2788887e-01
8.0900000e-01,7.2878972e-01
8.1000000e-01,7.2969057e-01
8.1100000e-01,7.3059142e-01
8.1200000e-01,7.3149228e-01
8.1300000e-01,7.3239313e-01
8.1400000e-01,7.3329398e-01
8.1500000e-01,7.3419483e-01
8.1600000e-01,7.3509569e-01
8.1700000e-01,7.3599654e-01
8.1800000e-01,7.3689739e-01
8.1900000e-01,7.3779824e-01
8.2000000e-01,7.3869910e-01
8.2100000e-01,7.3959995e-01
8.2200000e-01,7.4050080e-01
8.2300000e-01,7.4140165e-01
8.2400000e-01,7.4230251e-01
8.2500000e-01,7.4320336e-01
8.2600000e-01,7.4410421e-01
8.2700000e-01,7.4500506e-01
8.2800000e-01,7.4590592e-01
8.2900000e-01,7.4680677e-01
8.3000000e-01,7.4770762e-01
8.3100000e-01,7.4860847e-01
8.3200000e-01,7.4950933e-01
8.3300000e-01,7.5041018e-01
8.3400000e-01,7.5131103e-01
8.3500000e-01,7.5221188e-01
8.3600000e-01,7.5311274e-01
8.3700000e-01,7.5401359e-01
8.3800000e-01,7.5491444e-01
8.3900000e-01,7.5581529e-01
8.4000000e-01,7.5671615e-01
8.4100000e-01,7.5761700e-01
8.4200000e-01,7.5851785e-01
8.4300000e-01,7.5941870e-01
8.4400000e-01,7.6031956e-01
8.4500000e-01,7.6122041e-01
8.4600000e-01,7.6212126e-01
8.4700000e-01,7.6302211e-01
8.4800000e-01,7.6392297e-01
8.4900000e-01,7.6482382e-01
8.5000000e-01,7.6572467e-01
8.5100000e-01,7.6662553e-01
8.5200000e-01,7.6752638e-01
8.5300000e-01,7.6842723e-01
8.5400000e-01,7.6932808e-01
8.5500000e-01,7.7022894e-01
8.5600000e-01,7.7112979e-01
8.5700000e-01,7.7203064e-01
8.5800000e-01,7.7293149e-01
8.5900000e-01,7.7383235e-01
8.6000000e-01,7.7473320e-01
8.6100000e-01,7.7563405e-01
8.6200000e-01,7.7653490e-01
8.6300000e-01,7.7743576e-01
8.6400000e-01,7.7833661e-01
8.6500000e-01,7.7923746e-01
8.6600000e-01,7.8013831e-01
8.6700000e-01,7.8103917e-01
8.6800000e-01,7.8194002e-01
8.6900000e-01,7.8284087e-01
8.7000000e-01,7.8374172e-01
8.7100000e-01,7.8464258e-01
8.7200000e-01,7.8554343e-01
8.7300000e-01,7.8644428e-01
8.7400000e-01,7.8734513e-01
8.7500000e-01,7.8824599e-01
8.7600000e-01,7.8914684e-01
8.7700000e-01,7.9004769e-01
8.7800000e-01,7.9094854e-01
8.7900000e-01,7.9184940e-01
8.8000000e-01,7.9275025e-01
8.8100000e-01,7.9365110e-01
8.8200000e-01,7.9455195e-01
8.8300000e-01,7.9545281e-01
8.8400000e-01,7.9635366e-01
8.8500000e-01,7.9725451e-01
8.8600000e-01,7.9815536e-01
8.8700000e-01,7.9905622e-01
8.8800000e-01,7.9995707e-01
8.8900000e-01,8.0085792e-01
8.9000000e-01,8.0175877e-01
8.9100000e-01,8.0265963e-01
8.9200000e-01,8.0356048e-01
8.9300000e-01,8.0446133e-01
8.9400000e-01,8.0536218e-01
8.9500000e-01,8.0626304e-01
8.9600000e-01,8.0716389e-01
8.9700000e-01,8.0806474e-01
8.9800000e-01,8.0896559e-01
8.9900000e-01,8.0986645e-01
9.0000000e-01,8.1076730e-01
9.0100000e-01,8.1166815e-01
9.0200000e-01,8.1256900e-01
9.0300000e-01,8.1346986e-01
9.0400000e-01,8.1437071e-01
9.0500000e-01,8.1527156e-01
9.0600000e-01,8.1617241e-01
9.0700000e-01,8.1707327e-01
9.0800000e-01,8.1797412e-01
9.0900000e-01,8.1887497e-01
9.1000000e-01,8.1977582e-01
9.1100000e-01,8.2067668e-01
9.1200000e-01,8.2157753e-01
9.1300000e-01,8.2247838e-01
9.1400000e-01,8.2337923e-01
9.1500000e-01,8.2428009e-01
9.1600000e-01,8.2518094e-01
9.1700000e-01,8.2608179e-01
9.1800000e-01,8.2698264e-01
9.1900000e-01,8.2788350e-01
9.2000000e-01,8.2878435e-01
9.2100000e-01,8.2968520e-01
9.2200000e-01,8.3058605e-01
9.2300000e-01,8.3148691e-01
9.2400000e-01,8.3238776e-01
9.2500000e-01,8.3328861e-01
9.2600000e-01,8.3418946e-01
9.2700000e-01,8.3509032e-01
9.2800000e-01,8.3599117e-01
9.2900000e-01,8.3689202e-01
9.3000000e-01,8.3779287e-01
9.3100000e-01,8.3869373e-01
9.3200000e-01,8.3959458e-01
9.3300000e-01,8.4049543e-01
9.3400000e-01,8.4139628e-01
9.3500000e-01,8.4229714e-01
9.3600000e-01,8.4319799e-01
9.3700000e-01,8.4409884e-01
9.3800000e-01,8.4499969e-01
9.3900000e-01,8.4590055e-01
9.4000000e-01,8.4680140e-01
9.4100000e-01,8.4770225e-01
9.4200000e-01,8.4860310e-01
9.4300000e-01,8.4950396e-01
9.4400000e-01,8.5040481e-01
9.4500000e-01,8.5130566e-01
9.4600000e-01,8.5220651e-01
9.4700000e-01,8.5310737e-01
9.4800000e-01,8.5400822e-01
9.4900000e-01,8.5490907e-01
9.5000000e-01,8.5580992e-01
9.5100000e-01,8.5671078e-01
9.5200000e-01,8.5761163e-01
9.5300000e-01,8.5851248e-01
9.5400000e-01,8.5941333e-01
9.5500000e-01,8.6031418e-01
9.5600000e-01,8.6121504e-01
9.5700000e-01,8.6211589e-01
9.5800000e-01,8.6301674e-01
9.5900000e-01,8.6391759e-01
9.6000000e-01,8.6481845e-01
9.6100000e-01,8.6571930e-01
9.6200000e-01,8.6662015e-01
9.6300000e-01,8.6752100e-01
9.6400000e-01,8.6842186e-01
9.6500000e-01,8.6932271e-01
9.6600000e-01,8.7022356e-01
9.6700000e-01,8.7112441e-01
9.6800000e-01,8.7202527e-01
9.6900000e-01,8.7292612e-01
9.7000000e-01,8.7382697e-01
9.7100000e-01,8.7472782e-01
9.7200000e-01,8.7562867e-01
9.7300000e-01,8.7652953e-01
9.7400000e-01,8.7743038e-01
9.7500000e-01,8.7833123e-01
9.7600000e-01,8.7923208e-01
9.7700000e-01,8.8013294e-01
9.7800000e-01,8.8103379e-01
9.7900000e-01,8.8193464e-01
9.8000000e-01,8.8283549e-01
9.8100000e-01,8.8373635e-01
9.8200000e-01,8.8463720e-01
9.8300000e-01,8.8553805e-01
9.8400000e-01,8.8643890e-01
9.8500000e-01,8.8733975e-01
9.8600000e-01,8.8824061e-01
9.8700000e-01,8.8914146e-01
9.8800000e-01,8.9004231e-01
9.8900000e-01,8.9094316e-01
9.9000000e-01,8.9184402e-01
9.9100000e-01,8.9274487e-01
9.9200000e-01,8.9364572e-01
9.9300000e-01,8.9454657e-01
9.9400000e-01,8.9544742e-01
9.9500000e-01,8.9634828e-01
9.9600000e-01,8.9724913e-01
9.9700000e-01,8.9814998e-01
9.9800000e-01,8.9905083e-01
9.9900000e-01,8.9995168e-01
